"","V1","V2","V3","V4","V5","V6","V7","V8","V9","V10","V11","V12","V13","V14","V15","V16","V17","V18","V19","V20","V21","V22","V23","V24","V25","V26","V27","V28","V29","V30","V31","V32","V33","V34","V35","V36","V37","V38","V39","V40","V41","V42","V43","V44","V45","V46","V47","V48","V49","V50","V51","V52","V53","V54","V55","V56","V57","V58","V59","V60","V61","V62","V63","V64","V65","V66","V67","V68","V69","V70","V71","V72","V73","V74","V75","V76","V77","V78","V79","V80","V81","V82","V83","V84","V85","V86","V87","V88","V89","V90","V91","V92","V93","V94","V95","V96","V97","V98","V99"
"1",9,24.6190476190476,8.57142857142857,4.35,6.66666666666667,4.26923076923077,20.9148936170213,80.1904761904762,119.705882352941,13.7352941176471,45.8846153846154,15.4615384615385,8.78571428571429,28.7241379310345,75.375,9.72727272727273,2.66666666666667,66.7142857142857,18.05,66.5,14.2857142857143,16.3,15.5882352941176,7.32,1.23809523809524,8.23076923076923,42.4285714285714,36.5238095238095,3.80952380952381,33.9047619047619,7.19230769230769,25.65,17.6,7.58064516129032,91.8076923076923,85,46.9545454545455,6.09090909090909,7.125,3.65384615384615,6.53846153846154,12.96,33.1111111111111,5.54545454545454,6.85,14.0769230769231,2.22727272727273,1.75,10.9130434782609,6.71428571428571,14.1851851851852,42.1111111111111,24.4074074074074,14.3333333333333,20.8484848484848,56.05,47.2916666666667,40.75,25.0416666666667,66.9666666666667,16.375,55.76,47.05,46.1538461538462,211.423076923077,301.5,218.423076923077,232.346153846154,241.192307692308,138.571428571429,232.92,179.32,185.48275862069,98.5172413793103,173.862068965517,72.5862068965517,122,12.5833333333333,5,9.33333333333334,3.11111111111111,22.5172413793103,1.52173913043478,25.25,3.04166666666667,1,15.3703703703704,1,35.3225806451613,2,4,21.6538461538462,11,76.8636363636364,29.2,77.6,53.5357142857143,13.5925925925926,1
"2",9,24.3809523809524,7.95238095238095,4.2,6.88888888888889,4.46153846153846,22.0212765957447,76.3809523809524,113.411764705882,14.8823529411765,44.7692307692308,14.9230769230769,8.57142857142857,28.448275862069,72.75,9.45454545454546,2.53333333333333,63.4285714285714,17.1,63,13.5714285714286,16.6,16.1764705882353,7.4,1.47619047619048,10.0384615384615,41.8571428571429,37.0476190476191,5.61904761904762,33.8095238095238,8.07692307692308,24.3,19,8.67741935483871,88.6153846153846,84,45.9090909090909,6.18181818181818,6.75,3.46153846153846,6.61538461538461,13.24,31.2222222222222,6.45454545454545,8.8,13.3076923076923,2.27272727272727,2,12.5652173913043,8.14285714285714,14.7037037037037,43.2222222222222,25.1481481481481,15.6666666666667,20.3333333333333,53.1,45.5833333333333,40.5,24.0833333333333,64.9333333333333,16.75,53.52,47.1,48.3076923076923,204.846153846154,291,214.846153846154,226.692307692308,233.384615384615,138.142857142857,224.84,174.64,178.965517241379,95.0344827586207,167.724137931034,72.1724137931034,50,13,5,8,1,23.3448275862069,1,25.125,3,38.5,14.1851851851852,45,35,2,113,21,54,80,29.4666666666667,79.3,54,14,20
"3",9,24.1428571428571,7.33333333333333,4.05,7.11111111111111,4.65384615384615,23.1276595744681,72.5714285714286,107.117647058824,16.0294117647059,43.6538461538462,14.3846153846154,8.35714285714286,28.1724137931034,70.125,9.18181818181818,2.4,60.1428571428571,16.15,59.5,12.8571428571429,16.9,16.7647058823529,7.48,1.71428571428571,11.8461538461538,41.2857142857143,37.5714285714286,7.42857142857143,33.7142857142857,8.96153846153846,22.95,20.4,9.7741935483871,85.4230769230769,83,44.8636363636364,6.27272727272727,6.375,3.26923076923077,6.69230769230769,13.52,29.3333333333333,7.36363636363636,10.75,12.5384615384615,2.31818181818182,2.25,14.2173913043478,9.57142857142857,15.2222222222222,44.3333333333333,25.8888888888889,17,19.8181818181818,50.15,43.875,40.25,23.125,62.9,17.125,51.28,47.15,50.4615384615385,198.269230769231,280.5,211.269230769231,221.038461538462,225.576923076923,137.714285714286,216.76,169.96,172.448275862069,91.551724137931,161.586206896552,71.7586206896552,40,7,5,27,17,24.1724137931034,6.75,25,56,76,13,44.6774193548387,29,33,56,13,15,40,29.7333333333333,81,32,50,4
"4",9,23.9047619047619,6.71428571428571,3.9,7.33333333333333,4.84615384615385,24.2340425531915,68.7619047619048,100.823529411765,17.1764705882353,42.5384615384615,13.8461538461538,8.14285714285714,27.8965517241379,67.5,8.90909090909091,2.26666666666667,56.8571428571429,15.2,56,12.1428571428571,17.2,17.3529411764706,7.56,1.95238095238095,13.6538461538462,40.7142857142857,38.0952380952381,9.23809523809524,33.6190476190476,9.84615384615385,21.6,21.8,10.8709677419355,82.2307692307692,82,43.8181818181818,6.36363636363636,6,3.07692307692308,6.76923076923077,13.8,27.4444444444444,8.27272727272727,12.7,11.7692307692308,2.36363636363636,2.5,15.8695652173913,11,15.7407407407407,45.4444444444444,26.6296296296296,18.3333333333333,19.3030303030303,47.2,42.1666666666667,40,22.1666666666667,60.8666666666667,17.5,49.04,47.2,52.6153846153846,191.692307692308,270,207.692307692308,215.384615384615,217.769230769231,137.285714285714,208.68,165.28,165.931034482759,88.0689655172414,155.448275862069,71.3448275862069,20,52,5,78,31,25,12.5,1,13,68,47,44.3548387096774,62,99,11,12.9310344827586,20,31,30,57,80,33,6.66666666666667
"5",9,23.6666666666667,6.09523809523809,3.75,7.55555555555556,5.03846153846154,25.3404255319149,64.9523809523809,94.5294117647059,18.3235294117647,41.4230769230769,13.3076923076923,7.92857142857143,27.6206896551724,64.875,8.63636363636364,2.13333333333333,53.5714285714286,14.25,52.5,11.4285714285714,17.5,17.9411764705882,7.64,2.19047619047619,15.4615384615385,40.1428571428571,38.6190476190476,11.047619047619,33.5238095238095,10.7307692307692,20.25,23.2,11.9677419354839,79.0384615384615,81,42.7727272727273,6.45454545454545,5.625,2.88461538461538,6.84615384615385,14.08,25.5555555555556,9.18181818181818,14.65,11,2.40909090909091,2.75,17.5217391304348,12.4285714285714,16.2592592592593,46.5555555555556,27.3703703703704,19.6666666666667,18.7878787878788,44.25,40.4583333333333,39.75,21.2083333333333,58.8333333333333,17.875,46.8,47.25,54.7692307692308,185.115384615385,259.5,204.115384615385,209.730769230769,209.961538461538,136.857142857143,200.6,160.6,159.413793103448,84.5862068965517,149.310344827586,70.9310344827586,43,46,51,79,16,28,18.25,35,37,31,17,44.0322580645161,83,69,71,12.8620689655172,69,22,31.7,41,43,31.8571428571429,9.33333333333333
"6",9,23.4285714285714,5.47619047619048,3.6,7.77777777777778,5.23076923076923,26.4468085106383,61.1428571428571,88.2352941176471,19.4705882352941,40.3076923076923,12.7692307692308,7.71428571428571,27.3448275862069,62.25,8.36363636363636,2,50.2857142857143,13.3,49,10.7142857142857,17.8,18.5294117647059,7.72,2.42857142857143,17.2692307692308,39.5714285714286,39.1428571428571,12.8571428571429,33.4285714285714,11.6153846153846,18.9,24.6,13.0645161290323,75.8461538461538,80,41.7272727272727,6.54545454545454,5.25,2.69230769230769,6.92307692307692,14.36,23.6666666666667,10.0909090909091,16.6,10.2307692307692,2.45454545454545,3,19.1739130434783,13.8571428571429,16.7777777777778,47.6666666666667,28.1111111111111,21,18.2727272727273,41.3,38.75,39.5,20.25,56.8,18.25,44.56,47.3,56.9230769230769,178.538461538462,249,200.538461538462,204.076923076923,202.153846153846,136.428571428571,192.52,155.92,152.896551724138,81.1034482758621,143.172413793103,70.5172413793103,22,37,44,58,1,80,24,46,46,49,14,43.7096774193548,14,21,53,12.7931034482759,100,22.2666666666667,33.4,41.4642857142857,3,30.7142857142857,12
"7",9,23.1904761904762,4.85714285714286,3.45,8,5.42307692307692,27.5531914893617,57.3333333333333,81.9411764705882,20.6176470588235,39.1923076923077,12.2307692307692,7.5,27.0689655172414,59.625,8.09090909090909,1.86666666666667,47,12.35,45.5,10,18.1,19.1176470588235,7.8,2.66666666666667,19.0769230769231,39,39.6666666666667,14.6666666666667,33.3333333333333,12.5,17.55,26,14.1612903225806,72.6538461538462,79,40.6818181818182,6.63636363636364,4.875,2.5,7,14.64,21.7777777777778,11,18.55,9.46153846153846,2.5,3.25,20.8260869565217,15.2857142857143,17.2962962962963,48.7777777777778,28.8518518518519,22.3333333333333,17.7575757575758,38.35,37.0416666666667,39.25,19.2916666666667,54.7666666666667,18.625,42.32,47.35,59.0769230769231,171.961538461538,238.5,196.961538461538,198.423076923077,194.346153846154,136,184.44,151.24,146.379310344828,77.6206896551724,137.034482758621,70.1034482758621,31,82,42.6666666666667,55.8888888888889,1.82758620689655,73,65,118,7,45,22,43.3870967741936,74,97,38,12.7241379310345,61,22.5333333333333,35.1,41.9285714285714,3.40740740740741,29.5714285714286,12
"8",9,22.952380952381,4.23809523809524,3.3,4,5.61538461538462,28.6595744680851,53.5238095238095,75.6470588235294,21.7647058823529,38.0769230769231,11.6923076923077,7.28571428571429,26.7931034482759,57,7.81818181818182,1.73333333333333,43.7142857142857,11.4,42,9.28571428571429,18.4,19.7058823529412,7.88,2.9047619047619,20.8846153846154,38.4285714285714,40.1904761904762,16.4761904761905,33.2380952380952,13.3846153846154,16.2,27.4,15.258064516129,69.4615384615385,78,39.6363636363636,6.72727272727273,4.5,2.30769230769231,7.07692307692308,14.92,19.8888888888889,11.9090909090909,20.5,8.69230769230769,2.54545454545455,3.5,22.4782608695652,16.7142857142857,17.8148148148148,49.8888888888889,29.5925925925926,23.6666666666667,17.2424242424242,35.4,35.3333333333333,39,18.3333333333333,52.7333333333333,19,40.08,47.4,61.2307692307692,165.384615384615,228,193.384615384615,192.769230769231,186.538461538462,135.571428571429,176.36,146.56,139.862068965517,74.1379310344828,130.896551724138,69.6896551724138,76,42,41.3333333333333,53.7777777777778,2.6551724137931,22,17,38,6.76,43.8148148148148,21.16,43.0645161290323,24,12,37.3461538461538,12.6551724137931,37,22.8,36.8,42.3928571428571,3.81481481481481,28.4285714285714,12
"9",9,22.7142857142857,3.61904761904762,3.15,3.25,5.80769230769231,29.7659574468085,49.7142857142857,69.3529411764706,22.9117647058824,36.9615384615385,11.1538461538462,7.07142857142857,26.5172413793103,54.375,7.54545454545454,1.6,40.4285714285714,10.45,38.5,8.57142857142857,18.7,20.2941176470588,7.96,3.14285714285714,22.6923076923077,37.8571428571429,40.7142857142857,18.2857142857143,33.1428571428571,14.2692307692308,14.85,28.8,16.3548387096774,66.2692307692308,77,38.5909090909091,6.81818181818182,4.125,2.11538461538462,7.15384615384615,15.2,18,12.8181818181818,22.45,7.92307692307692,2.59090909090909,3.75,24.1304347826087,18.1428571428571,18.3333333333333,51,30.3333333333333,25,16.7272727272727,32.45,33.625,38.75,17.375,50.7,19.375,37.84,47.45,63.3846153846154,158.807692307692,217.5,189.807692307692,187.115384615385,178.730769230769,135.142857142857,168.28,141.88,133.344827586207,70.6551724137931,124.758620689655,69.2758620689655,3,5,40,51.6666666666667,3.48275862068966,49,33,4,6.52,42.6296296296296,20.32,42.741935483871,2,11.6666666666667,36.6923076923077,12.5862068965517,57,23.0666666666667,38.5,42.8571428571429,4.22222222222222,27.2857142857143,12
"10",9,22.4761904761905,3,3,2.5,6,30.8723404255319,45.9047619047619,63.0588235294118,24.0588235294118,35.8461538461538,10.6153846153846,6.85714285714286,26.2413793103448,51.75,7.27272727272727,1.46666666666667,37.1428571428571,9.5,35,7.85714285714286,19,20.8823529411765,8.04,3.38095238095238,24.5,37.2857142857143,41.2380952380952,20.0952380952381,33.0476190476191,15.1538461538462,13.5,30.2,17.4516129032258,63.0769230769231,76,37.5454545454545,6.90909090909091,3.75,1.92307692307692,7.23076923076923,15.48,16.1111111111111,13.7272727272727,24.4,7.15384615384615,2.63636363636364,4,25.7826086956522,19.5714285714286,18.8518518518519,52.1111111111111,31.0740740740741,26.3333333333333,16.2121212121212,29.5,31.9166666666667,38.5,16.4166666666667,48.6666666666667,19.75,35.6,47.5,65.5384615384615,152.230769230769,207,186.230769230769,181.461538461538,170.923076923077,134.714285714286,160.2,137.2,126.827586206897,67.1724137931034,118.620689655172,68.8620689655172,3.41666666666667,5,38.6666666666667,49.5555555555556,4.31034482758621,13,28,3.95833333333333,6.28,41.4444444444444,19.48,42.4193548387097,2,11.3333333333333,36.0384615384615,12.5172413793103,52,23.3333333333333,40.2,43.3214285714286,4.62962962962963,26.1428571428571,12
"11",9,22.2380952380952,9,2,1.75,4.75,31.9787234042553,42.0952380952381,56.7647058823529,25.2058823529412,34.7307692307692,10.0769230769231,6.64285714285714,25.9655172413793,49.125,7,1.33333333333333,33.8571428571429,8.55,31.5,7.14285714285714,19.3,21.4705882352941,8.12,3.61904761904762,26.3076923076923,36.7142857142857,41.7619047619048,21.9047619047619,32.9523809523809,16.0384615384615,12.15,31.6,18.5483870967742,59.8846153846154,75,36.5,7,3.375,1.73076923076923,7.30769230769231,15.76,14.2222222222222,14.6363636363636,26.35,6.38461538461539,2.68181818181818,4.25,27.4347826086957,21,19.3703703703704,53.2222222222222,31.8148148148148,27.6666666666667,15.6969696969697,26.55,30.2083333333333,38.25,15.4583333333333,46.6333333333333,20.125,33.36,47.55,67.6923076923077,145.653846153846,196.5,182.653846153846,175.807692307692,163.115384615385,134.285714285714,152.12,132.52,120.310344827586,63.6896551724138,112.48275862069,68.448275862069,3.83333333333333,5,37.3333333333333,47.4444444444444,5.13793103448276,12.4782608695652,27.875,3.91666666666667,6.04,40.2592592592593,18.64,42.0967741935484,2,11,35.3846153846154,12.448275862069,11,23.6,41.9,43.7857142857143,5.03703703703704,25,12
"12",9,22,17,2.22222222222222,1,3.5,33.0851063829787,38.2857142857143,50.4705882352941,26.3529411764706,33.6153846153846,9.53846153846154,6.42857142857143,25.6896551724138,46.5,6.72727272727273,1.2,30.5714285714286,7.6,28,6.42857142857143,19.6,22.0588235294118,8.2,3.85714285714286,28.1153846153846,36.1428571428571,42.2857142857143,23.7142857142857,32.8571428571429,16.9230769230769,10.8,33,19.6451612903226,56.6923076923077,74,35.4545454545455,7.09090909090909,3,1.53846153846154,7.38461538461539,16.04,12.3333333333333,15.5454545454545,28.3,5.61538461538461,2.72727272727273,4.5,29.0869565217391,22.4285714285714,19.8888888888889,54.3333333333333,32.5555555555556,29,15.1818181818182,23.6,28.5,38,14.5,44.6,20.5,31.12,47.6,69.8461538461538,139.076923076923,186,179.076923076923,170.153846153846,155.307692307692,133.857142857143,144.04,127.84,113.793103448276,60.2068965517241,106.344827586207,68.0344827586207,4.25,5,36,45.3333333333333,5.96551724137931,11.9565217391304,27.75,3.875,5.8,39.0740740740741,17.8,41.7741935483871,2,10.6666666666667,34.7307692307692,12.3793103448276,14.1363636363636,23.8666666666667,43.6,44.25,5.44444444444444,23.8571428571429,12
"13",28,14,37,2.44444444444444,1,2.25,34.1914893617021,34.4761904761905,44.1764705882353,27.5,32.5,9,6.21428571428571,25.4137931034483,43.875,6.45454545454545,1.06666666666667,27.2857142857143,6.65,24.5,5.71428571428571,19.9,22.6470588235294,8.28,4.09523809523809,29.9230769230769,35.5714285714286,42.8095238095238,25.5238095238095,32.7619047619048,17.8076923076923,9.45,34.4,20.741935483871,53.5,73,34.4090909090909,7.18181818181818,2.625,1.34615384615385,7.46153846153846,16.32,10.4444444444444,16.4545454545455,30.25,4.84615384615385,2.77272727272727,4.75,30.7391304347826,23.8571428571429,20.4074074074074,55.4444444444444,33.2962962962963,30.3333333333333,14.6666666666667,20.65,26.7916666666667,37.75,13.5416666666667,42.5666666666667,20.875,28.88,47.65,72,132.5,175.5,175.5,164.5,147.5,133.428571428571,135.96,123.16,107.275862068966,56.7241379310345,100.206896551724,67.6206896551724,4.66666666666667,5,34.6666666666667,43.2222222222222,6.79310344827586,11.4347826086957,27.625,3.83333333333333,5.56,37.8888888888889,16.96,41.4516129032258,2,10.3333333333333,34.0769230769231,12.3103448275862,17.2727272727273,24.1333333333333,45.3,44.7142857142857,5.85185185185185,22.7142857142857,12
"14",26,7,16,2.66666666666667,1,1,35.2978723404255,30.6666666666667,37.8823529411765,28.6470588235294,31.3846153846154,8.46153846153846,6,25.1379310344828,41.25,6.18181818181818,0.933333333333333,24,5.7,21,5,20.2,23.2352941176471,8.36,4.33333333333333,31.7307692307692,35,43.3333333333333,27.3333333333333,32.6666666666667,18.6923076923077,8.1,35.8,21.8387096774194,50.3076923076923,72,33.3636363636364,7.27272727272727,2.25,1.15384615384615,7.53846153846154,16.6,8.55555555555555,17.3636363636364,32.2,4.07692307692308,2.81818181818182,5,32.3913043478261,25.2857142857143,20.9259259259259,56.5555555555556,34.037037037037,31.6666666666667,14.1515151515152,17.7,25.0833333333333,37.5,12.5833333333333,40.5333333333333,21.25,26.64,47.7,74.1538461538462,125.923076923077,165,171.923076923077,158.846153846154,139.692307692308,133,127.88,118.48,100.758620689655,53.2413793103448,94.0689655172414,67.2068965517241,5.08333333333333,5,33.3333333333333,41.1111111111111,7.62068965517241,10.9130434782609,27.5,3.79166666666667,5.32,36.7037037037037,16.12,41.1290322580645,2,10,33.4230769230769,12.2413793103448,20.4090909090909,24.4,47,45.1785714285714,6.25925925925926,21.5714285714286,12
"15",34,12,27.5,2.88888888888889,1,2.1063829787234,36.4042553191489,26.8571428571429,31.5882352941177,29.7941176470588,30.2692307692308,7.92307692307692,5.78571428571429,24.8620689655172,38.625,5.90909090909091,0.8,20.7142857142857,4.75,17.5,4.28571428571428,20.5,23.8235294117647,8.44,4.57142857142857,33.5384615384615,34.4285714285714,43.8571428571429,29.1428571428571,32.5714285714286,19.5769230769231,6.75,37.2,22.9354838709677,47.1153846153846,71,32.3181818181818,7.36363636363636,1.875,0.961538461538462,7.61538461538461,16.88,6.66666666666666,18.2727272727273,34.15,3.30769230769231,2.86363636363636,5.25,34.0434782608696,26.7142857142857,21.4444444444444,57.6666666666667,34.7777777777778,33,13.6363636363636,14.75,23.375,37.25,11.625,38.5,21.625,24.4,47.75,76.3076923076923,119.346153846154,154.5,168.346153846154,153.192307692308,131.884615384615,132.571428571429,119.8,113.8,94.2413793103448,49.7586206896552,87.9310344827586,66.7931034482759,5.5,5,32,39,8.44827586206897,10.3913043478261,27.375,3.75,5.08,35.5185185185185,15.28,40.8064516129032,2,9.66666666666667,32.7692307692308,12.1724137931034,23.5454545454545,24.6666666666667,48.7,45.6428571428571,6.66666666666667,20.4285714285714,12
"16",33,8,39,3.11111111111111,1.19230769230769,3.21276595744681,37.5106382978723,23.0476190476191,25.2941176470588,30.9411764705882,29.1538461538462,7.38461538461538,5.57142857142857,24.5862068965517,36,5.63636363636364,0.666666666666667,17.4285714285714,3.8,14,3.57142857142857,20.8,24.4117647058824,8.52,4.80952380952381,35.3461538461538,33.8571428571429,44.3809523809524,30.9523809523809,32.4761904761905,20.4615384615385,5.4,38.6,24.0322580645161,43.9230769230769,70,31.2727272727273,7.45454545454546,1.5,0.769230769230769,7.69230769230769,17.16,4.77777777777778,19.1818181818182,36.1,2.53846153846154,2.90909090909091,5.5,35.695652173913,28.1428571428571,21.962962962963,58.7777777777778,35.5185185185185,34.3333333333333,13.1212121212121,11.8,21.6666666666667,37,10.6666666666667,36.4666666666667,22,22.16,47.8,78.4615384615385,112.769230769231,144,164.769230769231,147.538461538462,124.076923076923,132.142857142857,111.72,109.12,87.7241379310345,46.2758620689655,81.7931034482759,66.3793103448276,5.91666666666667,5,30.6666666666667,36.8888888888889,9.27586206896552,9.8695652173913,27.25,3.70833333333333,4.84,34.3333333333333,14.44,40.4838709677419,2,9.33333333333333,32.1153846153846,12.1034482758621,26.6818181818182,24.9333333333333,50.4,46.1071428571429,7.07407407407407,19.2857142857143,12
"17",32,25,17,3.33333333333333,1.38461538461538,4.31914893617021,38.6170212765958,19.2380952380952,19,32.0882352941177,28.0384615384615,6.84615384615385,5.35714285714286,24.3103448275862,33.375,5.36363636363636,0.533333333333333,14.1428571428571,2.85,10.5,2.85714285714286,21.1,25,8.6,5.04761904761905,37.1538461538462,33.2857142857143,44.9047619047619,32.7619047619048,32.3809523809524,21.3461538461538,4.05,40,25.1290322580645,40.7307692307692,69,30.2272727272727,7.54545454545454,1.125,0.576923076923077,7.76923076923077,17.44,2.88888888888889,20.0909090909091,38.05,1.76923076923077,2.95454545454545,5.75,37.3478260869565,29.5714285714286,22.4814814814815,59.8888888888889,36.2592592592593,35.6666666666667,12.6060606060606,8.85,19.9583333333333,36.75,9.70833333333333,34.4333333333333,22.375,19.92,47.85,80.6153846153846,106.192307692308,133.5,161.192307692308,141.884615384615,116.269230769231,131.714285714286,103.64,104.44,81.2068965517241,42.7931034482759,75.6551724137931,65.9655172413793,6.33333333333333,5,29.3333333333333,34.7777777777778,10.1034482758621,9.34782608695652,27.125,3.66666666666667,4.6,33.1481481481482,13.6,40.1612903225806,2,9,31.4615384615385,12.0344827586207,29.8181818181818,25.2,52.1,46.5714285714286,7.48148148148148,18.1428571428571,12
"18",55,96,36,3.55555555555556,1.57692307692308,5.42553191489362,39.7234042553191,15.4285714285714,59,33.2352941176471,26.9230769230769,6.30769230769231,5.14285714285714,24.0344827586207,30.75,5.09090909090909,0.4,10.8571428571429,1.9,7,2.14285714285714,21.4,37,8.68,5.28571428571429,38.9615384615385,32.7142857142857,45.4285714285714,34.5714285714286,32.2857142857143,22.2307692307692,2.7,3,26.2258064516129,37.5384615384615,68,29.1818181818182,7.63636363636364,0.75,0.384615384615384,7.84615384615385,17.72,1,21,40,1,3,6,39,31,23,61,37,37,12.0909090909091,5.9,18.25,36.5,8.75,32.4,22.75,17.68,47.9,82.7692307692308,99.6153846153846,123,157.615384615385,136.230769230769,108.461538461538,131.285714285714,95.56,99.76,74.6896551724138,39.3103448275862,69.5172413793103,65.551724137931,6.75,5,28,32.6666666666667,10.9310344827586,8.82608695652174,27,3.625,4.36,31.962962962963,12.76,39.8387096774194,2,8.66666666666667,30.8076923076923,11.9655172413793,32.9545454545455,25.4666666666667,53.8,47.0357142857143,7.88888888888889,17,12
"19",24,50,53,3.77777777777778,1.76923076923077,6.53191489361702,40.8297872340426,11.6190476190476,28,34.3823529411765,25.8076923076923,5.76923076923077,4.92857142857143,23.7586206896552,28.125,4.81818181818182,0.266666666666667,7.57142857142857,0.949999999999999,3.5,1.42857142857143,21.7,10,8.76,5.52380952380952,40.7692307692308,32.1428571428571,45.9523809523809,36.3809523809524,32.1904761904762,23.1153846153846,1.35,30,27.3225806451613,34.3461538461538,67,28.1363636363636,7.72727272727273,0.375,0.192307692307693,7.92307692307692,18,43,21,32,41,60,40,36,15,27,12,61,21,11.5757575757576,2.95,16.5416666666667,36.25,7.79166666666667,30.3666666666667,23.125,15.44,47.95,84.9230769230769,93.0384615384615,112.5,154.038461538462,130.576923076923,100.653846153846,130.857142857143,87.48,95.08,68.1724137931035,35.8275862068966,63.3793103448276,65.1379310344828,7.16666666666667,5,26.6666666666667,30.5555555555556,11.7586206896552,8.30434782608696,26.875,3.58333333333333,4.12,30.7777777777778,11.92,39.5161290322581,2,8.33333333333333,30.1538461538462,11.8965517241379,36.0909090909091,25.7333333333333,55.5,47.5,8.2962962962963,15.8571428571429,12
"20",74,16,8,4,1.96153846153846,7.63829787234043,41.936170212766,7.80952380952381,10,35.5294117647059,24.6923076923077,5.23076923076923,4.71428571428571,23.4827586206897,25.5,4.54545454545455,0.133333333333333,4.28571428571429,0,0,0.714285714285715,22,13,8.84,5.76190476190476,42.5769230769231,31.5714285714286,46.4761904761905,38.1904761904762,32.0952380952381,24,0,15,28.4193548387097,31.1538461538462,66,27.0909090909091,7.81818181818182,0,0,8,79,15,67,67,66,61,41,42,82,58,108,69,45,11.0606060606061,0,14.8333333333333,36,6.83333333333333,28.3333333333333,23.5,13.2,48,87.0769230769231,86.4615384615385,102,150.461538461538,124.923076923077,92.8461538461538,130.428571428571,79.4,90.4,61.6551724137931,32.3448275862069,57.2413793103448,64.7241379310345,7.58333333333333,5,25.3333333333333,28.4444444444444,12.5862068965517,7.78260869565217,26.75,3.54166666666667,3.88,29.5925925925926,11.08,39.1935483870968,2,8,29.5,11.8275862068966,39.2272727272727,26,57.2,47.9642857142857,8.7037037037037,14.7142857142857,12
"21",57,15.3809523809524,6,4.22222222222222,2.15384615384615,8.74468085106383,43.0425531914894,4,12,36.6764705882353,23.5769230769231,4.69230769230769,4.5,23.2068965517241,22.875,4.27272727272727,0,1,17,0,0,62,28,8.92,6,44.3846153846154,31,47,40,32,21,0,20,29.5161290322581,27.9615384615385,65,26.0454545454545,7.90909090909091,56,37,34,13,0,26,56,45,48,53,58,61,80,71,106,67,10.5454545454545,0,13.125,35.75,5.875,26.3,23.875,10.96,103,89.2307692307692,79.8846153846154,91.5,146.884615384615,119.269230769231,85.0384615384615,130,71.32,85.72,55.1379310344828,28.8620689655172,51.1034482758621,64.3103448275862,8,5,24,26.3333333333333,13.4137931034483,7.26086956521739,26.625,3.5,3.64,28.4074074074074,10.24,38.8709677419355,2,7.66666666666667,28.8461538461538,11.7586206896552,42.3636363636364,26.2666666666667,58.9,48.4285714285714,9.11111111111111,13.5714285714286,12
"22",27,14.7619047619048,5.85,4.44444444444444,2.34615384615385,9.85106382978723,44.1489361702128,38,19,37.8235294117647,22.4615384615385,4.15384615384615,4.28571428571429,22.9310344827586,20.25,4,10,36,34,6,1,21,36,9,18,46.1923076923077,35,36,48,79,43,16,11,30.6129032258065,24.7692307692308,64,25,8,27,37,52,10.25,2,46,91,58,27,59,25,9,31,17,1,26,10.030303030303,4.5,11.4166666666667,35.5,4.91666666666667,24.2666666666667,24.25,8.72,49,91.3846153846154,73.3076923076923,81,143.307692307692,113.615384615385,77.2307692307692,129.571428571429,63.24,81.04,48.6206896551724,25.3793103448276,44.9655172413793,63.8965517241379,8.41666666666667,5,22.6666666666667,24.2222222222222,14.2413793103448,6.73913043478261,26.5,3.45833333333333,3.4,27.2222222222222,9.4,38.5483870967742,2,7.33333333333333,28.1923076923077,11.6896551724138,45.5,26.5333333333333,60.6,48.8928571428571,9.51851851851852,12.4285714285714,12
"23",26.7619047619048,14.1428571428571,5.7,4.66666666666667,2.53846153846154,10.9574468085106,45.2553191489362,34,10,38.9705882352941,21.3461538461538,3.61538461538462,4.07142857142857,22.6551724137931,17.625,3.86666666666667,25,57,55,12,2,30,8,48,65,48,39,16,39,39,48,4,18,31.7096774193548,21.5769230769231,63,55,34,50,84,49,7.5,1.8,7,21,9,14,5,21,9.51851851851852,32.1111111111111,17.7407407407407,2.33333333333333,25.4848484848485,9.51515151515152,9,9.70833333333333,35.25,3.95833333333333,22.2333333333333,24.625,6.48,56,93.5384615384615,66.7307692307692,70.5,139.730769230769,107.961538461538,69.4230769230769,129.142857142857,55.16,76.36,42.1034482758621,21.8965517241379,38.8275862068965,63.4827586206897,8.83333333333333,5,21.3333333333333,22.1111111111111,15.0689655172414,6.21739130434783,26.375,3.41666666666667,3.16,26.037037037037,8.56,38.2258064516129,2,7,27.5384615384615,11.6206896551724,48.6363636363636,26.8,62.3,49.3571428571429,9.92592592592593,11.2857142857143,12
"24",26.5238095238095,13.5238095238095,5.55,4.88888888888889,2.73076923076923,12.063829787234,46.3617021276596,50,26,40.1176470588235,20.2307692307692,3.07692307692308,3.85714285714286,22.3793103448276,15,3.73333333333333,36,6,10,8,82,24,14,40,15,50,19,10,32,3,17,28,3,32.8064516129032,18.3846153846154,62,75,53,58,83,54,4.75,1.6,5.5,20.2307692307692,5,11.8333333333333,3.66666666666667,17,10.037037037037,33.2222222222222,18.4814814814815,3.66666666666667,24.969696969697,9,39,8,35,3,20.2,25,4.24,37,95.6923076923077,60.1538461538461,60,136.153846153846,102.307692307692,61.6153846153846,128.714285714286,47.08,71.68,35.5862068965517,18.4137931034483,32.6896551724138,63.0689655172414,9.25,5,20,20,15.8965517241379,5.69565217391304,26.25,3.375,2.92,24.8518518518519,7.72,37.9032258064516,2,6.66666666666667,26.8846153846154,11.551724137931,51.7727272727273,27.0666666666667,64,49.8214285714286,10.3333333333333,10.1428571428571,12
"25",26.2857142857143,12.9047619047619,5.4,5.11111111111111,2.92307692307692,13.1702127659574,47.468085106383,23,13,41.2647058823529,19.1153846153846,2.53846153846154,3.64285714285714,22.1034482758621,59,3.6,10,16,17,34,13,29,23,9,8,9,29,30,26,1,31,8,2,33.9032258064516,15.1923076923077,61,68,66,5,6,11,2,1.4,4,19.4615384615385,1,9.66666666666667,2.33333333333333,13,10.5555555555556,34.3333333333333,19.2222222222222,5,24.4545454545455,52,32,109,88,75,18.1666666666667,88,2,54,97.8461538461538,53.5769230769231,49.5,132.576923076923,96.6538461538462,53.8076923076923,128.285714285714,39,67,29.0689655172414,14.9310344827586,26.551724137931,62.6551724137931,9.66666666666667,5,18.6666666666667,17.8888888888889,16.7241379310345,5.17391304347826,26.125,3.33333333333333,2.68,23.6666666666667,6.88,37.5806451612903,2,6.33333333333333,26.2307692307692,11.4827586206897,54.9090909090909,27.3333333333333,65.7,50.2857142857143,10.7407407407407,9,12
"26",26.047619047619,12.2857142857143,5.25,5.33333333333333,3.11538461538462,14.2765957446809,48.5744680851064,17,51,42.4117647058824,18,2,3.42857142857143,21.8275862068966,24,3.46666666666667,9,5,4,24,68,19,19,43,1,42,12,17,8,1.88461538461538,12,39,1,35,12,60,34.5,91,4.80769230769231,6.07692307692308,11.28,25,1.2,2.5,18.6923076923077,1.5,7.5,1,9,11.0740740740741,35.4444444444444,19.962962962963,6.33333333333333,23.9393939393939,19,3,112,92,36,16.1333333333333,80,1,21,100,47,39,129,91,46,127.857142857143,158,128,22.551724137931,11.448275862069,20.4137931034483,62.2413793103448,10.0833333333333,5,17.3333333333333,15.7777777777778,17.551724137931,4.65217391304348,26,3.29166666666667,2.44,22.4814814814815,6.04,37.258064516129,2,6,25.5769230769231,11.4137931034483,58.0454545454545,27.6,67.4,50.75,11.1481481481481,7.85714285714286,12
"27",25.8095238095238,11.6666666666667,5.1,5.55555555555556,3.30769230769231,15.3829787234043,49.6808510638298,21,8,43.5588235294118,43,21,3.21428571428571,21.551724137931,4,3.33333333333333,8,8,14,39,3,28,20,10,1,32,15,1,19,2.76923076923077,12,7,2.09677419354839,18,42,59,1,9,4.61538461538461,6.15384615384615,11.56,60,1,1,17.9230769230769,2,5.33333333333333,2.65217391304348,5,11.5925925925926,36.5555555555556,20.7037037037037,7.66666666666667,23.4242424242424,42,43,42,42,49,14.1,132,4.5,20,85,154,164,145,99,101,127.428571428571,87,153,16.0344827586207,7.96551724137932,14.2758620689655,61.8275862068966,10.5,5,16,13.6666666666667,18.3793103448276,4.1304347826087,25.875,3.25,2.2,21.2962962962963,5.2,36.9354838709677,2,5.66666666666667,24.9230769230769,11.3448275862069,61.1818181818182,27.8666666666667,69.1,51.2142857142857,11.5555555555556,6.71428571428572,12
"28",25.5714285714286,11.047619047619,4.95,5.77777777777778,3.5,16.4893617021277,50.7872340425532,23,9.14705882352941,44.7058823529412,4,77,3,21.2758620689655,10,3.2,33,4,21,20,11,51,7,7.75,1,11,15,1,30,3.65384615384615,21,12,3.19354838709677,53,60,60,5,8.625,4.42307692307692,6.23076923076923,11.84,28,1.90909090909091,2,17.1538461538462,2.04545454545455,3.16666666666667,4.30434782608696,1,12.1111111111111,37.6666666666667,21.4444444444444,9,22.9090909090909,12,18,97,84,62,12.0666666666667,16,8,35,158,106,76,151,145,128,127,126,219,9.51724137931035,4.48275862068965,8.13793103448276,61.4137931034483,10.9166666666667,5,14.6666666666667,11.5555555555556,19.2068965517241,3.60869565217391,25.75,3.20833333333333,1.96,20.1111111111111,4.36,36.6129032258064,2,5.33333333333333,24.2692307692308,11.2758620689655,64.3181818181818,28.1333333333333,70.8,51.6785714285714,11.962962962963,5.57142857142857,12
"29",25.3333333333333,10.4285714285714,4.8,6,3.69230769230769,17.5957446808511,51.8936170212766,21,10.2941176470588,45.8529411764706,24,20,13,21,21,3.06666666666667,16,22,22,12,11,17,7.08,5.5,2.80769230769231,19,30,1,12,4.53846153846154,9,13.4,4.29032258064516,96,121,55,2,8.25,4.23076923076923,6.30769230769231,12.12,21,2.81818181818182,1,16.3846153846154,2.09090909090909,1,5.95652173913043,2.42857142857143,12.6296296296296,38.7777777777778,22.1851851851852,10.3333333333333,22.3939393939394,23,35,68,93,109,10.0333333333333,50,102,15,130,190,147,166,163,145,177,140,203,3,1,2,61,11.3333333333333,5,13.3333333333333,9.44444444444444,20.0344827586207,3.08695652173913,25.625,3.16666666666667,1.72,18.9259259259259,3.52,36.2903225806452,2,5,23.6153846153846,11.2068965517241,67.4545454545455,28.4,72.5,52.1428571428571,12.3703703703704,4.42857142857143,12
"30",25.0952380952381,9.80952380952381,4.65,6.22222222222222,3.88461538461538,18.7021276595745,53,51,11.4411764705882,47,14,6,26,78,9,2.93333333333333,61,9,58,15,12,11,7.16,3.25,4.61538461538461,28,21,1,19,5.42307692307692,27,14.8,5.38709677419355,60,86,48,5,7.875,4.03846153846154,6.38461538461539,12.4,35,3.72727272727273,2.95,15.6153846153846,2.13636363636364,1.25,7.60869565217391,3.85714285714286,13.1481481481481,39.8888888888889,22.9259259259259,11.6666666666667,21.8787878787879,16,49,32,24,58,8,56,36,31,189,213,180,208,219,91,209,149,140,58,89,37.5,145,11.75,5,12,7.33333333333334,20.8620689655172,2.56521739130435,25.5,3.125,1.48,17.7407407407407,2.68,35.9677419354839,2,4.66666666666667,22.9615384615385,11.1379310344828,70.5909090909091,28.6666666666667,74.2,52.6071428571429,12.7777777777778,3.28571428571428,12
"31",24.8571428571429,9.19047619047619,4.5,6.44444444444444,4.07692307692308,19.8085106382979,84,126,12.5882352941176,47,16,9,29,78,10,2.8,70,19,70,15,16,15,7.24,1,6.42307692307692,43,36,2,34,6.30769230769231,27,16.2,6.48387096774194,95,86,48,6,7.5,3.84615384615385,6.46153846153846,12.68,35,4.63636363636364,4.9,14.8461538461538,2.18181818181818,1.5,9.26086956521739,5.28571428571429,13.6666666666667,41,23.6666666666667,13,21.3636363636364,59,49,41,26,69,16,58,47,44,218,312,222,238,249,139,241,184,192,102,180,73,194,12.1666666666667,5,10.6666666666667,5.22222222222222,21.6896551724138,2.04347826086957,25.375,3.08333333333333,1.24,16.5555555555556,1.84,35.6451612903226,2,4.33333333333333,22.3076923076923,11.0689655172414,73.7272727272727,28.9333333333333,75.9,53.0714285714286,13.1851851851852,2.14285714285714,12
