,V1,V2,V3,V4,V5,V6,V7,V8,V9,V10,V11,V12,V13,V14,V15,V16,V17,V18,V19,V20,V21,V22,V23,V24,V25,V26,V27,V28,V29,V30,V31,V32,V33,V34,V35,V36,V37,V38,V39,V40,V41,V42,V43,V44,V45,V46,V47,V48,V49,V50,V51,V52,V53,V54,V55,V56,V57,V58,V59,V60,V61,V62,V63,V64,V65,V66,V67,V68,V69,V70,V71,V72,V73,V74,V75,V76,V77,V78,V79,V80,V81,V82,V83,V84,V85,V86,V87,V88,V89,V90,V91,V92,V93,V94,V95,V96,V97,V98,V99
0,13.563916423372342,11.852640148493279,11.044123178314704,9.597798500498468,7.752936797451975,9.582702780148145,13.017184591707755,20.014961771943447,17.329431983146442,18.41830161305266,16.429025589369203,14.207761954718524,15.938990975566004,19.763562824001173,14.915035283088155,14.980304497777091,17.157753282010447,14.32287922300972,16.923156473432254,13.555185050907122,12.980165567870548,18.63273694713629,17.58170016078086,14.47278536058635,13.249588241315667,19.400452719309033,18.808786764422454,13.443975197932987,19.76994902535767,16.405915217584695,18.155304158679403,12.87731564338781,14.62064722505449,22.771096064759107,23.27065374929876,22.487457195415708,16.792825753204657,21.101759865245747,18.273966014034198,18.698865999022654,20.508573110090904,18.941343956620436,13.441147279458404,15.96650581490303,23.968166432225892,15.921008515908678,16.158852792263964,16.582996806855913,18.64803198198077,22.403069979324762,23.66646740113943,24.04404135976118,22.436454983010197,23.027755130875914,18.7524595733208,15.767547336403478,21.755634177360744,22.931853415261426,21.58990198593969,16.390990972854546,22.652138725744916,16.511338465235806,22.398926838626625,30.072173377903532,31.990339188072618,28.98303642142756,34.212069801837,31.559644659594532,27.315261141947573,30.792389336756507,29.396257035587002,32.72132524668706,18.854139636832105,21.022150318527043,18.046180595664868,26.47002378181733,20.10674023778676,7.866199361175973,5.65588490254909,7.9767665553486875,3.1681246531946643,11.82967202527319,3.095703908801231,9.386593862799067,5.816820400635814,6.908685406643919,9.716452880180592,7.805498259416469,15.294969422967753,5.045942003952775,16.604237106510187,11.18406715812616,15.21370841369188,26.197698387268073,12.1939171720233,30.40590129048974,25.82446743225308,16.0141019960273,5.888123450753793
1,17.687219911100048,16.19547698219932,14.754141328962728,13.044309192796979,11.011994424714745,11.942063708147016,16.91366921531733,27.284572625207648,23.602072745533295,25.07019656214874,21.678179269381815,20.23039962529158,21.012639708432562,25.59640122749927,20.98281804018176,20.958036830238512,23.077206797831074,20.197485165884522,22.94903147503019,18.886813334221923,18.978657376026902,25.410192183636227,23.885640234048267,20.395057483751685,18.31194861223007,26.1952425594124,25.568735351542472,18.71924007110633,26.4846120210417,22.852995612641678,25.857702477484814,18.368721984118366,20.878349367296913,28.570032924716433,30.82750032861376,30.438832623853948,21.18479916403028,27.72982189167241,24.178705098785315,24.40304265685841,26.71679903142815,24.338212890417264,18.27869083642452,20.640611399841557,31.838340783628865,21.851306820173864,21.623383425704564,22.889669528973297,24.533311344052144,29.44948849022431,30.844551356467072,30.79186221122978,28.56489762880095,30.131884971685114,25.58790683048754,21.191655949580205,29.280339990589884,30.83479172360587,28.34616444936123,21.94515105141903,30.053763534880503,21.372793187650025,29.77289647988775,39.82746897065134,41.89450156747813,38.712362162825926,42.11037332676901,40.67102992845878,35.55099167588952,40.4522444838692,38.597831277501434,42.41660526692123,25.52830455079226,28.355079650384248,23.68497047187239,33.48178515579694,33.09117904108519,12.82417147602091,8.11799851638035,16.202716207689473,7.418119955217783,18.699114606475252,5.722752931504682,13.693060567049313,12.198379551947655,20.92273078504612,17.480152200913047,18.321224188906736,28.63071818995553,12.808619978106437,33.85002843110764,17.007353681153678,23.65107831438984,41.80776024612468,20.355149703411556,48.164284522358315,41.210233424223865,25.394564133539777,8.963475657770527
2,16.915674492029673,14.699436422837126,14.07316630541364,12.612698544514476,10.593198001530965,11.182591366272993,16.452059346460455,26.76867602737571,23.948565625988596,25.678405195241467,22.57360354140712,19.92722579161379,22.553036600499105,27.228520536678378,21.769119503828076,21.315078402432135,23.593889348083483,20.304441581988517,24.622935860016316,18.79145804379504,19.326423162986632,25.219173015045396,23.041710412671854,20.682502856395914,18.37433728747626,26.68698612942373,26.299517096218676,19.22300591868863,27.006179620920754,22.30828033249779,25.956368716603908,17.995633570149206,20.389239579616014,28.877528459091316,30.50242177541659,30.300509812146423,21.262512184443366,26.373343060680178,23.905738043633367,25.121470892985588,27.11946533183013,24.923156324416638,18.033738325979726,20.435644692787466,31.051412270784652,21.46804592391147,22.312028635367053,22.527593542681878,23.866656529624592,28.260610867302034,30.48549097213053,30.569731093917223,29.34887392398356,29.12439229461359,25.544446432111716,21.42903858652136,30.194156347970726,29.547220706971363,27.726414805184135,21.349756977317668,29.29227845598143,21.63681690613394,30.524284066141053,39.37963489444877,41.18157925862167,38.394526805235856,42.22801600321991,40.24422223719071,34.91815722782289,39.877688231703054,38.5505169103086,41.298002270974166,26.195240789534413,26.976322675087506,24.150678987626836,34.43346471330585,33.59240552933352,18.31564437896455,9.973334394312394,29.5543239205593,12.088726626519442,22.30369980389024,8.747423570163875,12.992973773829242,19.298624521240452,37.86524624873675,20.203182750043062,26.920567131222658,36.958679834816806,26.155145214920886,39.236565850314996,18.93717166407689,27.25051250248946,40.65978065263321,24.673065707953253,52.583313852111615,43.09811516594888,29.784791909187643,10.17030527110579
3,15.37549768399446,14.168622701544678,12.904974051425354,11.606832168882073,9.30171501670397,10.535511166239733,14.671443545988893,26.722099704907325,23.298966887875316,25.503043813458643,22.379855631807803,19.39074150752062,20.90866973091591,27.037429534101957,22.012653261569056,20.722720015085184,23.667439450125595,19.730400915071264,23.321939614853132,18.763316788281692,19.59140240575021,25.850337445952647,22.90902279451531,19.810370751024347,17.58762066654014,26.965524787460378,25.196007110460545,19.061024257025515,25.621426796780828,21.814929218767983,24.83739668058981,18.06511015957329,19.72525389258467,29.269847769121707,28.69821159816145,28.60038525096082,20.216260852699612,27.44323186882917,23.32579611372707,24.26249965552967,26.80228614229534,23.377989662686332,16.679749892344123,19.727007676627498,30.471615116242464,20.748951227557804,21.061016533473907,22.10324928469479,24.077332088362517,27.11147379463523,29.347218622939703,30.23740590371573,27.530764295665065,28.61206334057663,24.210427781507477,19.650078092796058,28.801322310984784,29.01735012436458,26.769799652007617,20.979568381745842,29.062593413626526,20.376322541358178,29.115320113621383,38.111391203187374,40.17823660408611,37.737613205226175,41.60842695741999,40.0604406180519,32.98665129659011,38.51057274277194,36.92082144073888,39.582508064959136,25.441111978435575,26.229711502074164,23.053556622411588,33.162307514712346,31.33728404819051,28.420036893849854,14.794756976232511,46.82297327050641,14.957925745257498,28.667762576440698,13.989852130574064,15.581281453876251,25.656177671781258,48.244038274619435,22.720971173622345,31.161553403166103,44.54520933945223,43.846893973346084,39.11818958371494,21.214650440215365,34.06735585511088,33.404539106019605,28.447204204449303,49.88099184784509,38.73230588354257,32.892396181575954,11.467165546653586
4,16.755214631608865,14.438414838045464,13.002744002622018,11.589214030358303,9.38022290008176,11.037567271831126,15.36311932383703,28.79121614271615,25.545376736113408,27.85702507338344,24.45659634750674,21.411367842440697,24.153492044092413,28.652957962491797,22.790420346968776,21.53873975429723,24.601571955650815,21.543755561135168,24.932163382997693,19.864746478320168,21.209493127837863,27.25416361515144,24.73304581810209,21.89194859143067,19.378696908784523,28.53987828642652,27.61128134671515,20.003015009514225,28.008386979474245,23.613302868129153,27.228641846900093,19.950933712457516,22.138457741917748,29.289389322745254,30.83758792414439,30.075360589196706,21.184636280719975,29.460030725144783,24.882212124029795,25.935188972929577,28.856388832641873,23.944041254394165,17.28361301390516,20.690394562201266,32.81210865281734,21.626521732878754,22.755929455973558,23.522402293272577,24.807482879390676,28.549129706407935,30.918671007658382,32.12334134422866,29.23597061649825,30.705721299428063,25.970946995527214,20.967934885870992,29.832094865029283,30.997984422621457,29.003386805523018,21.999322712859957,30.14211438235534,22.03549414430998,29.787935462835406,41.07508111585566,42.67594628025168,38.05322014869803,43.833987881632396,44.216033930904736,34.64390101055256,39.15538283388081,39.00914079619819,41.94210877241812,26.219342312345415,26.62425188548862,24.17460667471606,34.42125661549029,34.657094468051625,42.4859372171136,28.106016208459994,63.975066367780926,13.53429306458653,41.044609734894955,24.90042398060961,28.60772360292288,30.10518768074541,50.075601131924316,24.14291133258909,33.299246280909514,49.89848763411901,54.461828018929175,44.162111318820266,26.08102879032269,52.022870805296485,30.0830255049547,32.94087498207641,44.858926129174975,29.276243369377536,33.519949525119465,14.899353685663414
5,12.617667428189465,10.981848608417923,8.723387829898426,8.14690787456681,6.33525651962755,7.961222030305935,11.173290507625293,22.976146668299553,20.34566492476061,23.069313400663848,20.71720264622345,17.231280596495058,18.974203325897737,23.596872562033802,18.574757585559468,18.1672365246161,20.52758462100377,17.555697236733426,19.733534781541618,16.666401658074218,17.4573970331403,22.100257246449836,20.905671402603044,17.958213842622605,15.985134397114074,23.672675071715567,22.29539906755435,17.070919552225654,22.590590116534763,19.566664583497783,22.500534671640324,15.479269070375341,17.70994932102918,24.065703216017805,25.08618372534542,23.966475108314533,17.195701109799817,23.26414441138183,19.8046005724212,20.306992178313426,22.647148714003958,19.94927598472651,13.788991443667166,15.864214104122851,26.386448572297155,17.69993352568798,17.58759787782472,18.479072389155228,20.755862700195383,23.527790829513673,24.880978672441344,26.318921728863348,23.72744266393346,24.70597626243724,20.74359741113351,16.67854059713686,24.19825541650506,24.933101628383554,22.9771523851633,17.343127416800897,24.608400785194938,17.20798492170941,25.191509022051665,33.83424579532544,34.268107327662456,32.03838822465962,36.88482660957209,33.85554400525082,29.04399443767188,32.20682044146582,32.165478697311556,35.561438377115735,21.206067182544494,21.820867065385087,20.320125956670672,27.123474485499795,28.7533744759916,43.211041050527044,33.474801863647365,53.22459421662408,8.168728477737615,43.32773409276072,27.102049916064104,37.95686281296154,22.115923696998713,39.77788652281582,18.625182506166652,27.06217169993029,38.15928120728972,43.31274670151989,37.95562404266795,23.299393537785182,53.86606993449005,24.5732479793919,27.430368359732796,32.02079563408697,15.962716088916263,26.240737230101878,13.311079703744134
6,14.962071529441257,13.195753478958684,10.15803182206523,8.99257613144104,7.745465813694421,10.16392990141392,13.942720872650819,27.897788392404486,25.06963936377755,28.925652612754075,24.712295244599485,22.008997450273206,23.142673876365127,28.436450789582803,23.278477580132197,21.92026791711533,24.374852024527282,21.42111915400872,24.55845501392115,20.674919107590455,19.8936929062057,27.83562935770652,24.698400021890624,22.284659721258816,19.59869256802626,29.0585172312058,26.47359844404672,21.012813791790954,26.690996509337342,24.189233180017233,28.038521813255574,19.310367131585775,22.039795728498618,28.646166872139062,30.765695644137818,28.850968109714266,21.366849204040165,27.818747245882253,24.891162115329998,24.264843279899452,26.788903504617537,23.41236319545567,16.846325510768203,20.339556697936246,31.859292154852184,21.012097207905622,20.53283247978932,22.48867877490816,24.792584572384712,27.241486858308914,30.817646855308006,29.462626667523466,28.987429340594673,30.161352919485577,24.95221572740621,20.833489230443124,28.52486326227179,30.20777852117576,28.43309641260016,21.761829364225886,30.787799138261803,21.123164541199717,29.361776240088897,38.948686230635374,40.56397240344542,37.4038115402995,42.57514319832841,41.62775883961724,34.156567191239304,37.97814608171891,38.9442936603453,41.39534786507775,25.794781590929073,26.288901773238763,23.577812015242547,34.55995492538196,36.3908023338387,47.88865946612315,42.895611719392974,53.66736286857119,10.18953888677486,53.17500056548161,37.10370021908386,50.62031411915555,21.405026968621126,41.892340628756614,23.357051364752532,31.937006016943606,35.37393195527606,40.93644801958415,43.050388591825936,30.6675505375946,65.6620379649274,31.018320273464376,33.62797487757129,34.13853919270242,16.261496341459342,29.009253513770705,18.88823293052845
7,11.285971185081417,10.99325144361421,6.770922053032719,5.712703509662687,5.173246871686282,7.112031965313163,10.755490184979317,22.89631095081332,20.92883407278949,22.84311369157581,19.364356674364664,16.868369566447484,18.349076500020725,23.998089812306052,18.289712762156686,17.86065970525659,18.92353280235972,17.13227384305126,20.705880923093964,16.354709040973464,15.956516973976225,22.32453130432264,20.34506772112502,17.08264087859093,15.436932256448934,23.08775542434383,21.601582833899517,16.274911281487846,22.172333248623957,19.486549797073256,21.951028980775746,14.970776613643697,17.146151392052296,23.72385005652765,24.900553076578166,23.34335181002178,16.20605899784059,22.39612445999983,19.11980592068839,20.150663506556754,21.001725171963763,18.584834375337323,13.790526603158755,15.81853972113058,25.53469818356726,16.480875152747956,16.56882544988717,17.529684586641082,18.629547662541977,21.825921346424508,24.64904267834431,25.238552082141325,23.245881968246863,23.68546216790906,20.06666953949012,15.576885211102642,23.66405140659481,24.055144431031565,22.271158149201522,16.885825040453334,24.811035068245413,16.689711191328563,23.752906885078975,32.18445064898583,31.96116354919326,30.976997066768202,35.123182192401956,32.89227176753788,27.67912085466989,31.341744946475515,31.42318224367373,32.366057627995275,19.911673011223268,21.3776366640468,19.238661692398672,27.676483710642174,25.56628560319777,29.78758637781786,32.08799225944463,35.16161274955216,9.952178176173154,38.98023098093645,30.98872654647117,32.36883792677872,15.9077147058582,31.4178774699213,19.547204180946462,24.332544043671284,19.277654464669943,26.444154354715028,33.33780247383433,25.08535686224824,50.07238765160361,26.46837881162393,26.411407805193626,25.790847561619533,14.09900127072592,23.24487438483244,15.75446514466421
8,8.838894008095043,9.50210143707863,4.941289671250347,3.789065401912703,3.4643906597926257,5.639001486997009,8.709387239751013,19.28971635883636,17.37735118094513,18.411761078064696,16.24329044570981,13.980008146778808,14.36384779901527,19.801964154579345,15.591961715563766,14.150385107688784,15.857576452606558,13.330033758337569,16.443430407405916,13.773747165474575,13.04027141209897,18.627941321908814,16.592474511804603,14.597745097217402,12.974043455528651,19.084549385840162,18.465239949491348,13.335044383616506,19.21393966057076,16.0295863293515,17.863138716746935,12.623274972400532,14.006035302108357,18.630853015559836,20.33920337066978,19.047903497241165,13.183305405285655,18.15515737298423,15.029868580407214,17.226057688144778,17.699170153318526,15.305832330267304,11.051408140442524,13.273127268339495,21.00452309732255,13.068423740526432,13.334052195032884,14.983422199367165,15.573759878803134,18.252183655969915,20.252218415698813,21.295274543718055,20.01997116579036,20.116543314148025,16.278588635919043,12.183779859501614,19.85281822335072,19.73939733235533,19.25576289009758,14.014774596974544,21.241288241453365,13.811731091092863,19.4206275486715,27.030577029224144,27.265014839748396,25.791705394631407,29.28540796272924,27.885150775119186,23.06305696987012,26.522606439724377,26.219496005747903,28.170530786031932,16.635102864493298,17.645735073609575,15.659625916947565,22.748244104508583,15.681733044651246,16.160747438408386,22.90103311867622,25.29834453341234,10.53855556252917,26.049314016676153,24.53259041303711,15.523600681659872,12.343551739525559,22.9937819665662,17.094810591203263,19.658100404947287,10.575026872926397,18.02641595738498,23.919282337733165,20.1469855120519,37.931012501687164,21.983427129093677,21.313328823938683,21.44332775414545,14.445794983370796,19.48089296799179,13.4403981528737
9,9.92463756762327,12.381461550175674,6.509402743645237,3.802818955005926,3.8343992271078475,6.175154723686679,9.977043653587012,20.94531506524562,18.84809479039849,19.608202675584863,17.84045773891638,14.967037681558343,15.536076360244554,21.32886941276321,17.09130308010274,15.771333029373864,17.76443967352191,15.112303250905558,17.723628535446874,14.314427938857929,15.22510717310341,20.0521041002909,18.577156898840375,15.404005451872369,14.13195546337264,21.399077866745433,19.116930241589294,14.843012774523094,20.014310949703955,16.873262712626783,18.69456847686258,13.77049435824141,15.278578906076216,20.94644847871102,22.02792669851665,21.401435056591026,14.32363657646456,19.879561535610975,17.472219358546692,18.698197443318527,19.374475418705003,16.918236200134995,12.16385396776815,14.66575855983288,22.653268006742454,14.78524467726956,15.013747523260708,15.963964606822795,17.586390625358472,20.360646606051922,22.189210517326284,23.122333766497967,22.24979190717399,22.154608488174304,17.87537993255913,14.007343506750106,21.83027853944678,21.590116767186466,21.25516212637138,15.076103516251603,22.489244385274947,15.614041678117708,20.860677113958744,30.147440653631172,29.33048938456825,27.42885887808289,30.62756243506456,30.479088520772525,25.854536308113214,29.80341789454687,27.981720567323404,31.883805958188077,17.809718756213186,19.9971530879754,17.660452272287312,25.32274365667221,14.193585327502337,13.290580389064726,20.931090010668186,24.1026645834979,13.23266107357806,22.39401674599155,24.435777868645108,12.49697165160418,14.663895101105688,22.374775500118833,19.36132681915697,20.212780020387115,9.957002636979464,17.047301488857787,23.625254763547243,20.95113338554545,32.79258995046977,22.949946213639468,21.10136975670981,23.269876355270576,18.81876157284139,20.385623993013578,15.57056843909498
10,10.496775836527936,12.79202494810701,8.844480638409868,3.6628772531892784,2.750812324984967,5.362618869863982,10.64125673476064,20.627283999138783,17.728357845446084,18.69607359137832,16.402643403794052,14.202853686601534,14.123914181750253,19.830856348366975,15.967263763228587,14.644686859452898,16.4808722364581,14.10667178942892,15.973901552925085,13.380011192048958,13.670403923225242,17.554009331668702,17.44234009927166,13.79825079667184,13.337876373016693,18.98967885548787,18.347959967135814,13.475347513607012,18.745846541961733,15.91802745146903,17.19032792861777,13.338539985257317,14.338509775299496,19.470755721584684,20.302462437801587,20.610942790080742,13.467684977283156,19.52172954757155,16.701812013482733,16.827938027591056,17.709055977815687,16.529020099250268,11.12201616958724,13.163263110872288,21.398781684191047,13.573729518192764,14.098154903346005,15.119255038104,16.966892159208616,18.918473976213832,21.136336480108117,21.93878608357097,19.91761005308557,21.411781216786522,16.646965843927433,13.166064206103792,20.699385487898898,20.692865162205592,19.263518697023994,13.967189291118478,21.401728976355045,13.86488715649691,20.103459861001802,29.22086891943993,27.700959345842865,26.25832923694095,29.862495172818164,29.68890922956053,24.36105434320558,27.827944924297114,28.034115601888896,28.723814247108876,17.066503869210663,18.640778753689855,15.781935145113092,23.903533318739456,12.783363165009336,11.887703582855965,17.61781759104856,20.6454597927459,12.35382697831296,16.974239612422537,19.96998695749258,10.616772424289817,14.482702963670015,18.889842532531844,16.903627776876466,17.501354528708085,10.47386394872319,15.927062951393236,20.92835652614299,18.082063169313976,21.87857961161629,20.061916417084266,18.17252714225972,22.93684143484766,19.539932133665864,20.09961656867899,15.299260355091302
11,13.875556309701826,14.581786730417779,14.763994146882219,5.299625326454949,2.6817812221637713,5.212881420166713,11.72251980582996,20.39221760416786,17.471092853895154,18.846230251084396,16.65486723860551,14.229056448120142,14.539081260175939,19.95468082079308,15.771885303020518,14.84081211999211,17.017517084900902,14.580625492383156,16.372617105660318,13.916957008649225,13.942255710123654,18.241343661411424,17.588432563075973,14.886173439594339,14.081204028912863,18.96990134734638,18.754324656827002,14.37938927017691,18.978373465591694,15.622993405447247,18.27374800635639,13.399730103206501,14.794377936179428,21.067605643636675,22.386408701353908,20.710927975011494,14.206639843926656,19.535899799430283,17.11792755562824,17.49000010465331,18.71356866992139,16.77475606713086,11.23799150218708,14.290780986023128,22.105577108653247,14.563549227594,14.880868845099846,15.935577061397751,18.736979636362975,19.68311717082677,20.90820883276405,22.61843971669767,20.231148314272538,21.961340399273066,17.292121466331313,13.992542884795888,21.472558303413198,20.73031620142893,19.946658914859512,14.62452058733041,21.774716800699046,15.229035474002202,20.586126556152816,30.360174669851887,30.00578650570044,26.824329522145447,32.24639964281607,32.006848639071876,25.30809687448068,28.15078841795031,28.975031329777718,31.598676992982114,18.546102505713502,18.160143194947462,15.875143960241303,24.866977138113217,13.986083159591947,13.322927734706832,16.22019765519969,19.538797034829145,11.806205915951194,16.438485567097025,17.506023374658948,11.82215662763395,14.289680754653954,17.61024793512373,15.268845906061522,16.29050762225377,12.512447135676707,16.3038026833651,19.942788262780287,16.95035949943165,18.35452028691455,18.902067937641366,17.90773501209642,24.22846435243932,21.220033594667335,21.97783039502487,16.000727791977017
12,20.242910382435824,13.491939257081219,20.897238121088442,7.676595493384168,3.040997411333654,4.518368819227108,13.579035664344499,21.607106479749003,18.13026630213507,19.35047493017485,17.12679240705788,15.519175905258159,15.89481601303861,21.21987228031663,16.696107134775666,15.15320603078003,17.33646330078134,14.781551027530917,16.735686013334664,14.197975200277142,14.032307755343238,19.503698739655015,18.284375300010666,15.607188679381927,14.603762295976637,20.113864592978185,20.1992327543023,14.216216567022196,19.837734517257175,15.98861364990383,18.49245360987279,13.691301886744117,15.792664541889994,22.076133529045155,23.319616149081288,22.78178334147969,15.679161509644317,21.26467500982534,18.23151342867561,18.639015969562323,21.272153697875805,17.843947070051694,11.97105348583491,15.334071739701244,25.313680661521396,15.28021331164257,15.092809690879022,16.507865887314487,19.32254966975368,21.044710973456585,23.048961905914727,23.623749430657412,22.070757310157816,24.00680171894955,18.95375021233273,15.466078124329528,23.27295277094171,23.71059184187215,22.109750250072906,16.42911404360887,23.61665695743797,15.901441366069033,23.271617791974414,31.902510120029525,31.457404767226585,29.025982484428535,34.06694938862722,34.08184872349877,27.056512526590076,29.284569411163986,30.51553350476492,32.5309797554649,20.00620484724912,20.235837169020854,18.289157274725493,27.295459937162924,15.45588046012774,15.16475767040793,16.571395037513827,19.26662785581994,12.357673732317608,16.70948525491912,16.488981887070373,13.718594865726297,14.61481674954209,17.141260120897268,15.641095403831557,15.877455744639864,15.025472133036168,15.9923087698077,19.15468259282308,16.26947618589368,17.364599891392807,19.076507501731538,17.009967300993253,26.067344956574658,24.226744447360286,23.5523812785283,18.181623262165164
13,23.370043121047882,10.021311079765555,21.05803863833918,8.44929688781866,2.5960178916576715,3.986794295783417,12.82910499803201,17.693744400731212,15.881533765497288,16.355096389363272,14.534127413906551,12.869720227764677,13.640880787421679,17.360805276614197,14.28735309444707,12.971494002819577,14.046823909844672,12.569205802407655,14.012070157825674,12.318144108710865,11.659851774625459,16.284820348629307,17.041038204602657,12.993905636131036,11.595594532362664,17.067250015102815,17.09581245130968,12.53679769928846,16.985656668820216,13.799246070665612,15.71166681410864,11.193432974054314,15.16381408117423,21.68040523986564,20.665223737049512,19.54996234991372,14.173426277561301,18.7766690978532,16.245363175487114,16.91986703066644,18.745249990072463,16.729783808260486,9.828330393958762,13.617524493642948,22.357320708430525,12.371902539288696,12.523066056671482,14.036774676865612,18.29474226223141,19.465967628562588,20.922290375756575,23.108151732980307,20.14921611381735,21.782213899301386,16.891523135514813,13.298974218164583,20.630218098081176,20.630501783833285,19.60155813500744,14.681361380199013,21.659841058167178,14.594687677280048,21.57788083946821,29.01995507546181,27.928095744548283,26.831832596315593,30.86679585729532,29.604753772530824,24.298205953646978,27.666892815970687,26.89744013449859,29.412392757904765,17.88868956814374,18.088464176000464,15.83825076472461,25.309287293024752,13.414763482850972,13.265107720713159,12.405540485155397,15.218242055879376,9.67539971814764,14.170858088159516,12.264506811213304,12.372160243906144,11.992518884769542,14.272790724309514,13.038969212675118,13.113561313643777,13.482286444589388,13.058340134818426,15.236313594095535,13.189217305419861,15.577516664292254,15.674362439417514,14.181300981811626,23.934845589996662,21.92639215930167,21.183862420835233,15.751086688551016
14,28.152445688700432,11.303554974593927,23.344404674769706,11.246564839693834,3.41212069717235,5.485124124009671,15.258880930682036,18.262070063540047,18.462140491027345,16.961077386713853,14.568299281478476,12.85699345545509,13.388019520512799,17.44962867190946,14.878206734888856,12.272435353361734,13.988440962566541,12.596563031819525,14.253609152731585,11.778576089177031,11.42925348019362,16.617501036013465,18.903586963094792,12.686420638398115,11.431786388553224,16.79185804525801,16.689681697412286,12.587064194856387,16.310535805730726,13.99751821231665,16.51366242382117,10.577165856972718,17.362217364650046,21.947678267206083,22.539698285344578,22.09807531509955,14.814280516441892,19.661809470022718,15.832812530769004,17.294390505168604,19.423118172547483,17.736907633832775,9.618492063937545,14.566319209103956,24.096743119213325,10.495690637968568,12.227358966067193,13.67018263199098,20.29250442616997,20.77785073535165,21.900585498443558,25.74558662256034,22.68837551771292,24.36023042655096,18.244089095966327,14.216572768228696,22.653183483450245,22.389524688286475,21.359016271834534,16.0232526428227,22.523016240503527,15.575823324566478,22.98646231430486,30.764882369855567,30.069534275852153,28.750710305594545,33.03259777845574,31.830644584228622,25.1733741788998,30.651303640165565,29.315105082860867,32.068186509427576,19.257929099360627,19.636730875509695,17.355133954871974,27.17209013942359,14.412863691013614,13.14266197116592,12.202993468050371,15.100426983884699,9.798505797976633,14.544425799244237,11.778757221000989,12.491968634948964,11.448166624111066,14.669601541528968,12.632014516313648,13.064637378530627,13.802213001219261,13.000330684870287,15.053826147013886,13.743033532340046,15.054465945524903,15.598252569088181,14.473411700178238,24.819643453709865,22.175612817275752,22.860929403988653,17.120699164149016
15,31.707833632699987,16.527696008676735,24.854530319047058,13.386550150246785,5.459010570240478,8.271799963226629,16.860625151809124,16.415815827603385,21.118205825197286,16.755207126937353,14.059927468467471,12.475697793198632,13.583292540680157,17.570413252035646,14.090686485067287,12.447666935403731,13.0270034645746,11.824878302755629,12.363648553376116,10.182200478437128,10.78717838323262,16.665881989922223,21.517752452872788,12.86635699758109,11.72955564936083,17.17525185288704,16.663185871171393,12.683319129498182,16.8150157599234,14.25639702004258,16.40826724795499,9.76850838622875,18.104691485341576,23.831685881551135,23.98193122613554,22.25453607065996,16.74049667622567,20.949217276707813,15.225602409862287,15.769292701261485,20.414051253682327,19.02294520720461,8.017310434216903,15.586431751890089,27.560812355468947,8.508319189041218,11.499566631397357,12.52346417284875,23.26322625894907,23.251279789678033,21.047504084885457,29.54222240021766,25.626841497326463,26.002560883065208,19.509222023357307,13.20446556992922,23.046701252487956,23.323951612557252,22.804465734572144,16.31496681166967,24.29105654046839,16.451919990858286,24.41502433238612,31.32094653677985,31.768038155619372,30.902780619440275,34.82921587345518,32.50998377535637,26.234312912077424,31.261935968774033,29.913703476977876,32.47180637038473,19.840816106387116,20.534291816653877,18.601914826358968,26.72238665615791,14.776438406695016,13.355183657108205,11.725818449181352,14.961663570919608,9.834731657850096,14.750691080875741,11.612397371622258,13.204230194717303,10.83737216387637,14.331751863465746,12.805574729335193,12.714056111931656,14.13931305864661,12.680488051327375,14.735909982830345,13.09250327319812,16.003592278506343,15.651056932425316,14.008362137154313,25.45971766229413,22.4820950525098,24.09611119316029,17.313953941822277
16,34.41164495926412,26.634481987524886,28.735738661226318,15.31805650913778,8.220481217595779,11.323882123096952,20.02438501699374,15.076081182345046,25.886551338751527,16.637455393013163,14.072934007620928,11.564071366423715,13.695895670669561,18.03693934520291,13.958023121753731,12.30611230934156,11.691537349296977,10.228312814640466,9.316298765548096,8.00067155920104,9.977755160708975,17.209870570498225,22.029725546010695,11.996636780831814,11.019544508745222,17.211491772219873,17.029849219947078,13.520222150762859,16.94057850016812,14.73223216484071,16.97585367891052,7.454365353468361,17.090611598851982,23.962736466341678,23.69940876639208,22.90707551917745,16.536133673739126,22.241084315382455,12.549349782736321,13.055261247856249,18.716781857701633,20.056063602335097,8.32497824045422,18.138077669733594,30.927047913306403,8.22804041997841,12.048039979687907,13.056948848949675,27.08605403585732,24.610495178536105,23.84753722245499,31.449633610425906,30.71305117297309,27.97556094706029,20.739420205845033,11.023776398529398,23.60680481048875,24.80864662915065,23.879339778269593,17.45013916680527,25.139569153260126,17.674643434058684,27.34415662195653,33.134410398140844,32.499824648353055,31.767994633757027,36.25957656892943,34.145144689206546,27.65580721004823,32.897050063720705,31.489808641327116,33.05516539803903,20.52173360956253,21.976081008311805,20.01957893842239,28.426465303690623,14.291240720818609,13.219363144696011,11.96139511648794,14.178364654784213,9.757605612110352,14.532627218252868,11.061316299177433,12.519585754079925,10.959505474546365,14.275926468529597,12.992294462009516,13.114105874141305,13.81909644265581,12.317233684360017,14.598700075033552,13.297424447782685,14.865450332422334,14.917690917673934,14.499638407446554,25.95801695933899,23.573932982504417,23.32430574692396,18.398500350595818
17,34.77331656096555,37.13089409685467,26.989924937450947,16.37813490015553,11.018798940071095,13.859117047253607,20.315795640307137,12.935659006262805,27.030208347321878,16.324326867752962,13.212180103384679,11.748335054629402,13.49493807780398,16.201974735979974,12.695894812747488,11.03989921784427,8.784285041805513,8.768585471694962,6.378405316180229,5.077970192290574,7.663055961540595,17.75158773447501,19.700367296490736,11.97101672550858,9.246731755231675,16.690495852258408,17.0567917907374,14.67404386673908,17.506734353555395,15.951411841649147,16.715240639204627,4.441467667241534,14.692591537952588,23.709580898089754,23.893919770350422,23.572982718150605,16.9242888817475,20.23240544104112,9.51424558754912,9.187033170600113,16.100008588092667,22.766481867047112,9.399102559747556,20.952579228956107,33.711930050767315,11.515863051105974,16.278806797173537,16.56734649717372,30.570223464290233,26.532250153421433,26.358378144784577,34.57500452681861,39.26722720760833,28.951809266459453,20.898893498724952,6.988798729943407,23.64777231623074,24.74441480407785,23.220379025511633,17.14914595903918,24.96368969776053,17.394593097640804,29.846823534211005,32.91001111665405,33.01776794339428,31.38276483763039,35.478991535137546,34.21294740474908,28.095297639732678,32.76352168379226,29.904350446173627,33.750454674424525,20.512010157137098,23.29374626807856,19.916738992829405,28.48309511078876,13.192155120177416,12.277072969078977,11.013280148810667,13.882664362821256,9.277429711746171,13.747124539910152,10.878884983276869,12.61102637376999,10.889619672746564,13.876411834458512,12.048058561177015,12.487748487938555,12.58062385357676,12.222999590077524,14.222589010310225,12.287781259357178,14.812592622467125,14.321806114690158,13.436552090587838,24.516048262324972,23.33397972512591,22.11399383858442,18.019119486289153
18,42.04527023233211,38.65750439698852,23.985264009066274,17.876479725910084,14.563342820677526,16.834654069954013,23.317647618809772,12.535000687555454,23.09278184988842,17.283916183470676,15.041900836087141,12.383228859780713,14.245251265915268,17.35608521321486,13.700676176906855,11.253034671874236,6.724280776217328,7.971954966225136,5.3173305684304335,3.1361403179190503,5.475236420631079,22.506280463971475,18.999885487503008,12.021736622258642,9.38061358204212,18.339516332698853,20.052057792225977,19.361869893210436,22.78396275225182,20.055262045759868,19.465198348657584,2.899531259744983,15.993348588246057,26.1389136802391,25.277888240269235,25.701819446718932,18.332765066539476,19.94740736738934,8.347452037191811,7.749553841201417,16.24214552455132,27.324659370647307,11.429730238054333,28.477847212518835,41.87154637778679,22.89403652868944,29.26572565820075,26.686596046168688,36.221076503756706,33.289988048589024,33.883215882591706,41.9217813317061,49.944246054882136,32.790034316410946,21.72202524981229,4.44790449267148,24.449215109311886,26.88129444022133,23.72353639322827,19.694418761789006,26.371238044393316,18.710047706962076,41.29597776302476,36.65967901974438,35.82308231359954,34.83178500853697,38.41157926026436,37.68098898106239,31.29079966445923,35.95962478600246,33.38105844555594,36.478157361141825,22.785244147655632,24.391389297537245,20.6408513562618,31.19421186090686,15.056321300922274,13.275998006045844,12.303465947426874,14.961186141650302,10.25910907869076,15.278548477140117,12.164664103217753,13.550058566425298,12.388375266012156,14.64866422614303,13.288604570721894,14.147012782815327,13.978355861382212,13.953909911086859,15.292035558945507,13.362213073514766,16.308440344454667,15.870277729281302,14.661738447746579,26.41931500700943,25.095997706065685,24.124334178216966,19.499380996649357
19,43.67621693954572,30.129421712340445,16.696142414353897,18.61566129344977,15.525522308229231,17.898159728420488,24.480090443493026,11.361771716252843,16.763154631413435,17.190019251973144,14.56218064198026,12.558620196780277,13.433743226043209,16.800982792080752,13.094277143887968,9.316761956896444,4.273335012046302,7.01079439675515,6.583206244503154,1.6415405803082783,3.3779359397408397,25.226303111255746,17.761041661278767,11.392557346932874,9.344127885357452,20.508928631370537,22.458931850334647,23.598538195787036,26.064472934446012,25.3697010313112,20.888724504582843,2.0247132445491,16.10904046676509,26.137571576137447,25.108311383728953,25.55309385596195,19.536723647560642,17.426657920022866,10.590977037195824,9.300455700746864,18.45736212644316,27.47568573192014,8.779279863880905,31.467546557866342,48.59468927703359,36.26793214523558,37.61560478338858,34.8807660779364,37.758776869138416,36.16661090484545,41.598087474962405,44.593007715443385,49.11002068909973,36.191665474147555,20.68600008261956,2.2872711708108637,22.68439725841186,25.616965094863364,21.83252548131903,18.866590939004343,25.244736487624653,18.126669892860946,47.64247823046167,36.94529785363381,35.06554678930289,34.127846898878694,38.96949330415166,36.007540121996065,30.937865296735,34.360317516190236,33.69792878341134,35.6639463645564,22.738258825369922,23.328225059879166,20.789426674166684,30.77708519773777,14.618969315420435,13.44136558858803,12.719831463379823,15.405456650697054,9.57714456126146,14.87536079759765,12.545546713158629,12.185582896497564,12.002803372667707,14.733228654439918,13.166178770420808,13.27832975231605,13.821511231128884,13.971265012668182,15.085570311356868,13.364652245751822,15.776619100014234,15.472297357083018,14.173941303674928,26.233617610664982,24.590411927398815,24.028364124612953,19.195791876612333
20,42.02043495781368,25.156658265892922,13.04750152573985,20.796276743270493,17.85485608891995,20.644096292736112,27.209644872658227,14.419796105376719,15.2427609124444,18.11899529908495,15.819234207950124,12.949333696993437,14.008683154907951,18.592646801781733,14.416457682602028,8.465199534738492,5.520205541867418,10.36824020592154,13.31138432291278,2.1015429962068755,3.0779257171371093,29.077654752107083,20.144011782879456,13.680554975145323,12.966324636825055,25.87610043119562,27.348059508662274,27.37704618377882,33.88221050727142,34.03280587866122,26.46176833897145,3.0892374794898148,16.744852043646425,29.221554814929682,27.846136483286745,27.90433414459442,24.17794837495444,16.553410863918977,19.444319692739082,18.917981053063844,27.53867972785761,25.371427729574872,5.412473467823937,31.81334276995402,53.97295663840954,42.99070101491452,37.20088685388883,39.13838704011969,36.50725129476039,34.60677991495112,46.60291164784393,43.83952207718193,35.502388548426424,39.85230821363298,20.951252954060084,3.0936385653286473,22.756283086988386,27.151659368322544,20.634940768754802,21.43597380982364,26.73922351141483,18.170470843318455,55.2335942331438,41.878019998076915,37.53381248126518,36.961540906472415,42.30940271506775,39.748173009081924,33.844670979928964,38.84644990723735,35.457740495848654,39.756984698879315,24.442504258603226,25.490623977111596,23.03908638294336,32.28587377403792,16.15341066073562,14.49438900458215,14.56001832134272,17.209515658532492,10.973654797738302,16.18270839071596,13.61546578097411,13.723113068068084,13.413450111029903,15.944838199248682,14.883483611026234,14.323112682681792,15.162215634429558,15.728151005268334,16.909968396955744,15.093024115618178,16.682429550103084,17.876035048981947,15.81137827486367,27.99821035875991,25.753264253801838,25.066863204408968,20.758446056667093
21,36.785969370043,23.73069206289672,13.314039225038073,21.274528820693877,18.92424881959057,21.686009415449824,28.43703530200882,21.91654518364719,14.511546139586999,19.354261911819574,16.696402382319842,12.721182089215095,14.791919767408501,19.188051426079234,16.55496870897014,8.124809643902351,9.685275846967611,16.70253503715666,22.12365209602497,4.459016454150521,4.610356171321072,29.25948841330861,19.897821941932587,17.931824199710523,19.466758052455422,31.7448174668554,29.68653969239843,26.479592123106276,37.64227308754116,34.28532011415111,30.556868794464616,5.866229882776711,13.89171801325326,29.85241112539738,26.970269913810007,29.22706879897656,31.701202817284376,19.605170331521833,31.009550422924058,36.63972045626584,38.071567680705904,18.882052759407472,4.540805543917345,24.757516362546923,47.951132236278475,31.70213840269465,28.33999783067813,30.72532303390912,32.53226667594031,25.729961221534023,41.957601604733846,36.25630957958378,20.472691521290148,36.55070370254681,19.671897231070798,6.121718240687822,21.06840835188441,30.71059068974806,17.38238454931357,21.603411525080492,28.05151924239783,16.440482757770017,55.689717178065216,43.07992158408645,38.48048794250013,36.84361868593732,46.0736467653851,40.86081889429984,35.205923120939005,40.88914949256507,37.82788880045085,39.80293448918358,25.64555097993155,26.291991944755292,23.0959135499527,34.001463558698404,17.4654774757406,15.485773581974321,14.772126118464607,17.984934662299008,12.079041599735586,16.841560945152835,15.125699196363634,14.941038669154846,14.200133092192853,16.60962806587499,14.990693718776166,14.892947071620522,16.618786100358786,16.559010642223285,18.84322157716501,15.181617649260964,18.30470467995197,18.161013725162892,16.777465410787542,28.23792780465457,25.982247041905016,25.54810265639607,21.203298994399592
22,33.30092757885302,25.047911200368045,17.16841651300482,22.450242760262938,20.067477931269796,22.914837341027994,30.141030650138248,30.683572615760237,17.514082132452636,20.075321840387087,18.47413850826281,11.280931408916478,15.354397379439167,20.967704573976082,20.42017357799569,9.444040632843166,16.669721155685842,21.533877449030904,26.489980675363736,9.082775322411745,10.744392112447013,27.51199779957475,18.47719341451011,23.866927013643213,23.699779347824858,34.89418154417376,30.939403528061256,21.566424839834667,35.40147991487526,22.205069905234435,32.35467843979365,10.604433237410683,10.970709135891568,31.70080629321062,26.36426278671241,31.750830753864392,46.901079510006674,31.00463667437829,37.00461750282631,48.44780744146661,41.63913366512805,13.491989844937704,5.409510176525719,17.287278802312713,40.285583247306626,17.671647461948897,21.273600440122593,18.052149861874828,28.56900735667415,23.018608809796163,37.576472374668306,30.024680913890496,14.917687169949112,34.54522491682111,21.094951383335058,13.917980894874999,23.421893147175766,38.01592185646359,16.434293077993427,23.504418544129518,34.22397897956179,12.401614328636878,49.94333970995935,48.55908557086322,43.21706460056187,38.59602241633334,52.442749981261954,45.13520665936198,38.10012834711684,43.08889060556931,41.598020355999274,46.59249361010494,26.35437279581452,27.454168320435706,24.366031059605643,35.94665246279934,17.879803813004823,16.439923221345037,16.199509063158967,19.122382051009044,13.616657600127791,18.827135849579154,16.023949507380795,16.205923996014864,15.102808925911145,18.70117647196541,17.277718751615062,17.089060124975926,17.95751278982785,18.21220974673033,19.636334906842183,16.57685209493481,19.773163641785096,20.38800018422024,17.852209686564432,29.33370762175773,27.762249138756918,26.62269032103094,21.300535004763415
23,28.63203801994368,25.20557790264092,19.72588286869898,21.922907415887888,19.296958303398444,21.67495194087509,28.01831982132125,29.98342039554373,18.115848671397355,18.454239090160957,17.57128070463979,8.86968264375902,13.427123429044691,19.118746422627247,23.028115203295886,10.086614362458986,18.703776719514924,16.699413709595564,19.900014880549627,14.284586241057116,19.600660415378723,24.205041573221962,16.49335569322041,24.45391929139946,16.44841741545027,30.429570085832445,24.819349728042603,17.79821692672773,27.340228784988064,9.720709034106887,25.768149552020997,13.62432399098169,6.713477833892632,28.903412415021204,22.019636568365627,32.666282469158574,49.07036559138747,42.12940855746001,28.565730604598876,38.28725708450808,33.90042183821686,10.459489926668416,6.103881621830371,12.008267086060757,30.65836127197718,8.316542298053685,16.136252337272794,9.285218938973372,21.74337898771762,21.653025957467026,31.67370878740177,26.53260592619498,14.829132374566276,30.09375459991419,20.971543631660044,18.272893033713952,31.389427739014607,44.512241352247074,18.93951843328376,22.596630666549757,41.51217410087884,7.363038030652792,40.73163058650939,52.46923519537656,42.93136390987595,38.94460089400939,59.18444527753912,48.97439700439869,38.30664949712458,43.61433334827874,45.41285940517518,55.251329904416785,24.268504798536423,24.625459544277728,22.665525285397027,34.16754244080005,17.716583856861234,16.05087382719952,15.487180680217826,18.020830951143594,12.423031531530794,17.450395290512837,15.36867058946369,15.633166042097379,14.360186005532842,16.80620373733177,16.39703083490926,16.03899306657003,17.32564390178799,16.77490129568423,18.378914680237674,15.839585018971118,18.690042394480127,19.74316175771306,17.15029500287835,27.324426214294146,25.117422536588677,25.371901663571332,19.224054638247136
24,29.549290506874495,26.258490486421717,22.331634502160366,22.446835932140196,18.765385811112477,21.837771743430636,28.08552714216729,25.676981733923807,20.19225502523913,18.67482519354487,18.880270583770603,8.323129672225908,11.437219140266452,18.941806397200818,22.945742480441393,11.425289290058453,17.185712071813356,11.503354645973012,13.035771536767422,20.837535680740537,24.729839262825298,23.570181002867745,17.3901139263637,22.67475328520535,8.64734032917623,26.661961827266865,20.042553081534276,14.485075647123367,21.005612401186603,5.422555451894804,20.836423182350604,16.369374114185014,4.796744076346821,29.000658399175993,21.053584097044695,38.00581507996869,36.538936924830715,49.17013336714477,19.870017444719615,25.63713061544393,26.130954643967346,12.228383643921893,6.397091541823668,8.570868110792647,30.82353358586851,5.009016631719232,15.865109380424109,6.560107824087758,18.260329291174493,24.81400876360739,31.62678538221263,28.747862684635443,20.69701164451166,32.04594739680368,25.678300978069533,19.548981979376045,47.32042428688172,53.82525699900477,28.446910379226093,22.36963302340145,56.078743196560204,5.154601506830578,34.67956888680118,60.478379740865726,50.601526710837156,46.72579904217655,75.7576723261543,59.39535729026538,43.72278404929356,46.96873780166766,59.77809210842105,71.67768384836194,23.898448957066442,22.56074675201201,21.3426313340619,34.49026057424436,17.940530982180483,16.661830512150882,15.472153376999383,18.784059793138738,12.401425264657725,17.8418039006846,15.104941943804345,16.22946967277613,14.410569477715766,18.036290174990317,16.29541338303968,15.830068154805176,16.98340732572717,17.94513359570274,19.164414012758993,16.053429375606825,19.9838641993105,18.904651268025884,17.330064170660364,27.579737130146643,25.49129637471721,25.140037918661623,19.24260398051091
25,29.887715880191823,26.852564229662136,24.168366244688535,22.228927488445333,19.4871529156649,21.011362684702508,29.08365033238366,21.337371244680153,20.274187211688727,18.984658386822403,19.45788474852546,10.873955018196153,9.692226596843305,19.049841505772857,18.980120695252328,12.587550193820041,14.91295180637362,8.854199133176767,11.098987052895929,25.11392120321223,21.029365918928303,25.529655270574185,17.941183160345034,19.56982699003801,3.8292459293411047,24.362933209378166,17.14491181853133,10.717674386920033,17.773161282380414,5.1731058563258046,16.85198061061667,15.652220447397411,4.251282832998277,28.981008329568606,25.650187499906487,45.32780197375701,19.452848598006824,42.26940790470271,17.21110138689518,20.103573184727487,23.900845799256814,20.286873644967905,6.1549971812110735,6.077991821766055,32.06513514057814,4.600621418813718,14.823548533769857,6.75437001569968,13.309770236820714,29.143021273607275,32.50871584096133,33.21329872856817,26.027355124598962,33.0404290977073,27.38449072224617,19.15172685363752,63.49958618473738,63.44081214265786,39.12945617110556,22.080666996288723,63.55343482666137,5.340059003506116,29.045873697525003,74.96385406139518,65.55650147708788,60.327920158418166,97.46250911677379,76.20219898829092,57.4820949119764,57.144719688039984,80.37657665485366,100.58679823423523,19.80666795622877,18.644151740740746,17.964541828447814,38.01809604791263,17.830246520405176,16.478611880539002,16.40522998144764,17.96360508527105,12.667246419843599,18.271166308360545,15.819635573252192,17.00090258767246,14.766194829056369,18.446239987539037,16.48300530640478,16.124523385859085,17.622524494178982,18.44631143959926,19.02926888863528,15.92928654188935,19.86308721456797,19.49847921066434,17.830862600809095,27.854924056450074,24.781821399932568,24.952291693059337,18.842145064281368
26,30.211156871035694,25.66417155516539,23.89589871247263,21.9399194913471,19.00758773450255,20.707493757321483,30.645501560147824,19.503151323754565,17.070328421457155,19.296150132575423,18.063967499457924,17.025534460275846,7.786193476405405,19.458285949480214,12.991855263997362,12.58528962188487,14.338095366220243,7.457154257199557,12.211915309146557,22.19338912467825,13.654799448863496,25.970073133418392,14.648082849959296,14.115398511410188,2.0738932247999506,21.7398279085332,15.356909704049261,5.566027689387851,17.080361879413406,6.674482728539273,14.273188661210003,13.651808618249456,5.266047073768211,34.23811937986407,36.248299847005306,49.22256072476737,8.374798607735501,31.25429276854591,19.001231452261223,20.4704733935895,25.750185238037876,27.311843327321096,6.232168301207078,3.7600715413433816,35.00096927249267,6.423274923945581,11.025281371236746,9.168533106788237,9.219598950137376,30.394844681513323,34.56435203972853,35.99869134395292,31.49124611189574,35.25748015702841,24.730779284285394,20.27478405115076,67.62966761682148,62.626835689309914,49.11277757529536,20.536213367383894,57.38004330334893,8.627975375264446,25.42307133569664,92.40482253801598,85.41544817447955,76.92514874955049,116.13929314560373,93.39974490628177,75.29205741620875,74.93946343278604,93.75001216507425,128.2584775465391,15.154380644875602,14.118581459382343,13.250833871545591,41.380659819345084,16.631280441285284,16.25113512101375,15.709026779068445,17.846988716780707,12.28357243907164,17.981623604726686,14.922590322606467,16.339904344601283,14.103210923622587,17.65949069817881,15.279225559345718,16.16140267981374,16.85677487493998,17.21780063984551,18.757273863982295,16.09036242332735,18.774778706720166,18.952370011933105,16.677867973657364,26.74842707220295,22.61876992988795,23.442932534768136,17.450579386206726
27,32.312878937836516,28.33748782907985,25.7414991866461,24.124954622213327,21.061871588073114,22.865690188266562,35.44822773540323,21.33750465920885,15.681452953161841,23.079709223121963,15.659532475806447,23.350720903539866,8.451928404816595,23.31128750507657,11.740140957131128,13.417517547079084,19.071173877980304,9.007580928051626,18.029512574961064,19.78369670018328,10.676212792064604,25.36957931948622,13.716413092455415,10.541264755667049,2.8055107753030386,20.27055631335226,17.834704757732492,3.0027520623672492,18.020680267769176,10.607107743442263,14.621242724033438,12.295379449433463,7.957652821418989,46.46006713201961,57.29075026510186,51.766165450781585,4.911165282139583,27.60057374316558,25.98198226819969,26.44622698822175,31.797212714649042,32.105991664097814,9.312986551682156,3.7741366242705023,41.49509718800902,11.855386917940297,9.19413465100883,16.886256493096113,9.181516822913103,37.3391461538986,40.52513561562075,41.55806657960838,37.929964632129796,40.92490703757483,22.84958628159127,25.638008804933683,63.288832875764655,61.9885015370285,60.83348132038207,18.468883768151404,50.7835699653147,19.445134516089393,25.322857605977802,113.78741847965375,118.75847856918669,102.66195158436965,135.4109155826475,120.05771525226072,98.03485861579928,107.42182944092012,110.87378751890847,153.06759445871458,14.904110427719479,13.272860456594884,11.554149936386697,54.41230253891758,18.68091350777363,16.996094666727362,16.436696543384656,18.892419537625443,13.282498452621814,18.837871600090054,15.799584306305942,16.18628246104579,15.75045627952678,18.22027553706881,16.784701034475354,17.412134162987584,17.908225024000835,17.060956005729732,19.709999476169703,16.37845684109859,19.330841270947413,19.715815670270203,17.764724496046504,27.358129655522223,24.389346364696163,23.858502281236387,17.854935906354385
28,32.90853818430953,28.9175019626938,26.92886762475876,24.37200161506078,21.427874880660635,23.641844635551433,40.898729596588254,28.644940269096743,14.797420505258131,26.772837192555095,14.525105344397337,19.003795649352465,12.638624436733066,31.2341990658442,11.183998852241537,14.53662461462108,26.18891800865708,10.514163061842403,26.70778971928606,15.589545143422292,10.351369802422136,19.370985931375095,13.139059506494034,7.288048153540821,4.834525989487483,20.185139704420518,20.64764469104403,2.049486322963948,18.662187861909047,13.356921910967543,15.91752522568991,11.977655472051337,11.520990077421654,59.377314444251404,73.48604772187745,50.2638468556395,4.668411808222693,31.361414561367354,33.41883846409637,34.74472227180693,39.020371021122386,30.544899787780654,15.844204023544965,5.693721926414847,46.91848698130657,21.462177353982632,9.013075776315413,26.372379876970992,13.471916619497422,42.76898989641991,46.081451870901844,48.34187820955537,44.32382205009274,46.366222368919786,23.037884328412098,31.86357210252519,54.90167662840123,51.92653844921303,66.26067511935858,15.596410768827443,44.01292439344816,33.17938236769822,26.218160326103824,133.40955131731403,146.5572204971941,122.74002055372924,150.74784237236216,147.43233618313928,102.84280251813227,139.59920864021936,119.74187497675051,155.45812724785003,19.523384821789975,20.87428380204926,13.500284038671277,74.61837948580758,18.77799271725384,17.78582998598848,16.737423720409172,19.231223511691447,13.273590249092718,19.494100937926447,16.129228537230933,16.72428311527011,16.851830113130156,19.567938280044068,17.41974882363563,17.504706071563373,18.01205703864237,18.286753365443094,20.04322447205542,16.980131068637025,21.08078478621655,20.806989633271634,17.79789999496308,28.697123903547716,24.271580077288032,24.962664547917424,18.503071622639503
29,37.96287810573351,32.859845642739266,30.9617262195776,28.233125245884207,23.614817765234967,26.135591197121876,50.179325793849685,46.93594949444668,18.192944500261547,35.29309577944671,15.298635973442703,13.918027389218805,19.18766162791017,45.21943790177429,12.581609100934775,16.70834139934837,38.58424050623614,13.979383256282935,38.19942834414253,14.473145243213805,12.633136605778216,16.873263867084397,15.676950012975556,5.970007585237077,8.754395601020523,25.67995513866353,25.454287965914194,2.4652692519501977,21.74822480764025,16.96938067908567,20.045552653261137,14.476962554799023,15.012106834302593,73.15700954270937,84.08360142958878,52.42839146870615,7.140963067692665,44.33526471774238,47.051112848678216,45.84245551996653,51.32986817896026,34.3065960416645,26.648856108251742,12.84811939797584,58.90457980104917,33.81801238981348,15.205577047856934,38.212639182705715,26.008321674672725,55.74372680395433,57.85315831643914,60.1943228817672,54.893801186666856,55.17146997585094,29.89279454563314,42.166624583027506,48.55622791031079,45.005209726003486,69.82896491929851,16.85337731258471,52.22238626026378,47.420150409934266,33.1853145348793,152.84704216574517,182.03189051051766,151.7994045009254,170.31753057427758,170.46948294809596,110.01804680328502,167.80725293786278,135.96289483332177,152.56991342595092,38.25527552195345,49.538863577509375,24.98201865637051,106.01141583071339,21.66232364576876,20.82712656385228,18.61563716091711,22.662825236658758,15.164763159916717,21.864091230742154,18.999389381943182,19.06539998041624,18.584329690282036,21.218662472389536,19.529112369676874,19.12386862270137,20.564813684180518,20.08720568862596,22.810288882280794,19.30766334842032,23.644475870032178,22.857423334757783,20.955651325778337,30.343848894734656,26.772929572615997,28.31552442462702,21.716082744810837
30,44.76932065801989,40.093780964900624,36.871097291005164,32.91109837289895,28.693479940668727,32.622229785647875,60.1073853427657,63.28180955368394,24.066003292989492,40.980132707358656,19.08397008919969,12.79821107274174,27.14949643559743,57.87857617376982,14.762840606551649,20.157332350096286,48.18192611680106,18.231622191294754,47.800477424675876,17.003651820660764,16.793079634952772,18.257873389263736,21.864619570847797,6.759737201994045,14.864426187248583,34.574327610319166,30.584577241061446,4.707524086641202,27.825047205587023,22.192792652009274,26.480703143203762,18.316561819849362,20.181493116329097,88.5569431580461,91.20183394322004,60.774691784342274,13.955773079193609,60.89837476514979,59.727976987978856,60.85011351623196,68.79826043361064,44.44528273372306,41.62427029242556,28.74929319650711,74.79784439219027,51.65272048707774,30.108762905122955,53.95114359790878,45.65401812898703,70.10987801902141,71.90966374393903,77.84929312854806,68.86633499653824,71.50240495386328,46.33431138956957,53.74627516307722,50.532628764585866,43.84338034415467,73.67569286137736,23.836707145381386,67.26211027146117,56.085863445935004,50.407923446700416,170.19567711196154,205.22207542429715,169.9518117758262,182.1731824722135,191.63383708344523,113.85226985368152,181.09538787715903,146.32903034606503,155.2727764428737,69.69750021394235,99.16343198272943,48.179703110165285,138.37252512528946,25.399784223203458,24.752284455061844,22.15926427053741,26.58585135577276,18.372541132183414,26.938607343996253,21.433153393492987,22.729328232371003,22.615112172756415,24.95410909573744,22.986077515343837,23.32841256389995,25.74068666881549,23.879950982698507,27.15623411325279,22.696207328007578,27.91847354019665,27.419850979210292,24.494883030206907,35.02205084643156,31.947684142816733,32.73627456813677,25.43037131297389
