"","V1","V2","V3","V4","V5","V6","V7","V8","V9","V10","V11","V12","V13","V14","V15","V16","V17","V18","V19","V20","V21","V22","V23","V24","V25","V26","V27","V28","V29","V30","V31","V32","V33","V34","V35","V36","V37","V38","V39","V40","V41","V42","V43","V44","V45","V46","V47","V48","V49","V50","V51","V52","V53","V54","V55","V56","V57","V58","V59","V60","V61","V62","V63","V64","V65","V66","V67","V68","V69","V70","V71","V72","V73","V74","V75","V76","V77","V78","V79","V80","V81","V82","V83","V84","V85","V86","V87","V88","V89","V90","V91","V92","V93","V94","V95","V96","V97","V98","V99"
"1",-0.5780750125035,-0.67349730573,-0.72208613096,-0.815782659979,-0.951107830975,-0.81681210214325,-0.607559358597,-0.28277794257085,-0.3956348635605,-0.3484086615515,-0.436377356315,-0.54444539467,-0.459248484846,-0.292846492715,-0.50876496352,-0.505535308763,-0.403280238,-0.538550594945,-0.413819654997,-0.578539011455,-0.6095881018395,-0.3393540027746,-0.38450175533775,-0.5309261552985,-0.59491802532,-0.3075590507185,-0.331977938913,-0.58446804225,-0.2925895455335,-0.437444579894,-0.359621478039,-0.615246734458,-0.523462179305,-0.178154276925,-0.1602208085985,-0.188468347329,-0.4197216311645,-0.2403077069245,-0.3545475278725,-0.336577300612,-0.2632802077413,-0.3264579346205,-0.584619275256,-0.4579506549815,-0.135658717709,-0.460097580765,-0.448923728633,-0.429295215547,-0.3387111266865,-0.1915557831742,-0.14621585514,-0.13301942014,-0.190333300404,-0.168904057855,-0.3343323053425,-0.46737262347485,-0.215538043414,-0.1723513396325,-0.2217629046985,-0.43813436299,-0.182468165194,-0.4325851798775,-0.191707590835,0.059095123005,0.114064097273,0.02668981986,0.17468626362,0.10194405892,-0.0247671601915,0.080038178679,0.039091375024,0.134353720305,-0.3300860865545,-0.243362485784,-0.364309357085,-0.051758177505,-0.279125718337,-0.9421854367575,-1.135397039248,-0.933561104517,-1.426100090363,-0.6748440825675,-1.436424894095,-0.8302913099225,-1.119752628153,-1.020632071325,-0.807730860095,-0.946956058835,-0.490108507425,-1.1975217640825,-0.4283220535545,-0.71349677288,-0.49406990920435,-0.0605929221505,-0.6537047278315,0.068846319067,-0.0728145187422,-0.455709509512,-1.1129136970255
"2",-0.3798800597385,-0.4472139339885,-0.516770879486,-0.6060755198555,-0.724069129864125,-0.6682716914255,-0.4142481449821,-0.025736019455,-0.1484822605635,-0.097925888605,-0.2184427943505,-0.27422445351,-0.243728005365,-0.08034836772795,-0.244874939075,-0.245828945835,-0.1671306798295,-0.275526835689,-0.171733062579,-0.32872523135,-0.3249092995665,-0.08653715040825,-0.138536522905,-0.2677328084066,-0.35292857327,-0.06067290851,-0.0812657100395,-0.3357232826,-0.051286847552,-0.175194079583,-0.071720839175,-0.3505133336735,-0.24890241744,0.014160241825,0.081049625585,0.06980413205,-0.2371304940005,-0.0117591171995,-0.128350550225,-0.1206159001315,-0.04381139861625,-0.12284556691275,-0.35434600293,-0.258124167915,0.1098009907785,-0.211960756966,-0.22050247248,-0.1738711093955,-0.116149062069,0.04067933375,0.0815405014235,0.0800229870385,0.014003588034,0.0608458437605,-0.080629944515,-0.236868559413,0.035625876393,0.081259560113,0.0073111845005,-0.20846321889,0.0585548219285,-0.2299718294605,0.050280512199,0.315535144395,0.363561350407,0.2888302666875,0.3684716900195,0.335359798135,0.2097862227171,0.3302485089995,0.2860543096675,0.3754044694895,-0.08260765744,0.007584718481,-0.1455654868265,0.1550989415795,0.14448855437195,-0.6181835245965,-0.922665129463,-0.4468763096575,-0.978023313505,-0.3365668755875,-1.1288612485695,-0.57123741062,-0.6534485995995,-0.247189587229,-0.3889689469345,-0.352533593972,0.0160098522375,-0.6190445858935,0.16501597335,-0.4100246721595,-0.146757060603,0.36158282978105,-0.269302571265,0.4989215800035,0.347867552955,-0.087058112563,-0.860067101285
"3",-0.4141575622715,-0.519507532431,-0.551382123756,-0.6299580604995,-0.750305399744,-0.7135869484795,-0.4353147734295,-0.042147886625,-0.13634154993,-0.077633673746,-0.185325502945,-0.2862810028725,-0.18607502006585,-0.027507753555,-0.215033102307,-0.23216453325,-0.1487706125055,-0.271300482007,-0.113086246553,-0.3327016863,-0.3105837368,-0.0929214278915,-0.1684033204,-0.256493475195,-0.35027475031455,-0.0447684971595,-0.05728165479,-0.31482362353715,-0.034562932005,-0.195034227133,-0.068480222615,-0.366487959785,-0.267961511331,0.0235018738427,0.071651410228,0.0657756929862,-0.2341655022195,-0.054886791735,-0.1378349959095,-0.0962009433175,-0.03096276119225,-0.1028873274525,-0.3648452045865,-0.266138671694,0.087479402121,-0.226362655153,-0.1948964674255,-0.1870029464975,-0.139199569134,0.004682934916,0.0711598524345,0.07360357982785,0.0376760454575,0.030947170595,-0.0820716967435,-0.22783921064875,0.06266881602915,0.0435891502675,-0.0118654232215,-0.2308464905785,0.0359832727985,-0.21999717053,0.072285839465,0.3048798023424,0.34720602920985,0.2811111584565,0.371139550827,0.325369030307,0.1933242322215,0.3167242953075,0.284905685173,0.34989163941,-0.060672966157,-0.03551367232,-0.1293206167425,0.1805615003685,0.158086704604,-0.352771179655,-0.7905355493235,0.043800352324,-0.6597621232295,-0.195202596831,-0.875654997017,-0.6088857016005,-0.3117217578415,0.2681478061765,-0.2753012763783,-0.037291237061,0.2456188271255,-0.061979681009,0.301456240102,-0.3266312401835,-0.026812287632,0.3350975047255,-0.1113767750751,0.586400665623,0.390696726004,0.0506321475825,-0.7775629692905
"4",-0.486198066675,-0.5464575589646,-0.613721793205,-0.688009758418,-0.836187206062,-0.7539772376135,-0.520910787376,-0.043641312902,-0.159213094559,-0.0834469055735,-0.1924066453095,-0.3079553390655,-0.247731956985,-0.03356868537,-0.2059543617125,-0.254930278055,-0.146181678875,-0.2941817501255,-0.1583961309335,-0.3338780861075,-0.299796771901,-0.071963111862,-0.17317360348,-0.290964622015,-0.384241897295,-0.0358577072245,-0.0936981584415,-0.321498796994,-0.0795192162372,-0.21331956314305,-0.1057912222395,-0.363494649036595,-0.29438914392915,0.0353116843705,0.0180634833885,0.015085713862,-0.274783712314,-0.020735876076,-0.158259044132,-0.1254552103115,-0.041071428345,-0.156405394906,-0.424869733391,-0.294318472532,0.070756835528,-0.253911920801,-0.241870031726,-0.202596222505,-0.131863384435,-0.03121635586,0.037626570465,0.0639332541605,-0.0179866405595,0.01544159214,-0.1272535546565,-0.2974228817125,0.021193797885,0.0277247216755,-0.042111882903,-0.24499999375,0.029087844135,-0.268469456865,0.030674405575,0.274193581561,0.323817208695,0.2650010834935,0.357024218485,0.3210420832785,0.1416330251915,0.28393514448,0.24466888085,0.309718187302,-0.085507148125,-0.059550771719,-0.16797843844355,0.146427749592,0.095637443276,0.009575758119,-0.5147438641075,0.471151866324,-0.5066414891275,0.01713746006155,-0.5557002858545,-0.476273243085,-0.078368856453,0.5005539708,-0.17996994743,0.09062927045355,0.422563571177,0.4072863946835,0.29861634419665,-0.23599061447,0.17083027666,0.15300813477945,0.0104074566525,0.5336100657885,0.289313013746,0.139052221701,-0.69635468582045
"5",-0.421431132707,-0.53266915844,-0.6083502422175,-0.689058418147,-0.8307325397915,-0.72249042714,-0.486798176642,0.0208873624835,-0.0820408155389,-0.0077972442879,-0.11877740748,-0.2285087684535,-0.1292232103185,0.016686949338,-0.177455095886,-0.2236917728705,-0.11381557072,-0.223502520265,-0.102582777739,-0.288782654223,-0.236187462125,-0.026696867235,-0.10933483432,-0.210444674995,-0.30844705213,0.01324006015,-0.015463574557,-0.283254269743,-0.003100711975,-0.14808667586435,-0.0275039161205,-0.2853332768845,-0.201293927962,0.035896792255,0.081340058587,0.059188637369,-0.237136717042,0.040993563305,-0.1042727925805,-0.069175070665,0.022862075055,-0.13649922492275,-0.397669814054,-0.2561865541425,0.1368494263775,-0.220384403645,-0.1787033391931,-0.15129274766,-0.1068059056385,0.013522449415,0.0836719148962,0.117781808856,0.0342966422415,0.077537769552,-0.0680021986305,-0.245447797452,0.05202939627,0.085948391514,0.027303699668,-0.20644936138265,0.0611455020935,-0.2051067393818,0.05072505496,0.3447442719055,0.3812457870225,0.272767488838,0.407002296713,0.415385175259,0.1861193224685,0.299509332295,0.29599440256,0.364645911845,-0.0598882237,-0.046785126325,-0.12849235596235,0.1802382800455,0.1864669169013,0.37696875267855,-8.16005201500001e-05,0.788337106194,-0.5796501305275,0.3440390126475,-0.1036563299975,0.015309355751,0.060063415033,0.53748428132,-0.129589628128,0.15015225852395,0.533958840462,0.6218814282015,0.414205373698,-0.064399120603,0.575626594022,0.059413499045,0.14038032325,0.4293671257635,0.035503212266,0.1561305764405,-0.50954246698
"6",-0.62967976089,-0.7259335236164,-0.87740582978,-0.920451111805,-1.071247902675,-0.934768544413,-0.714155457702,-0.170757832448,-0.26967599074,-0.1674135521155,-0.255144597898,-0.39999893907655,-0.3250940387735,-0.148665486635,-0.3417945419075,-0.359110141265,-0.262536290585,-0.3856438233405,-0.294055494065,-0.425479150953,-0.3899726052145,-0.2027069640365,-0.247847645227,-0.3681036969815,-0.45707291118,-0.1459976178297,-0.1955077788925,-0.407168795847,-0.184706850645,-0.30079919868,-0.1879906659,-0.48118109953705,-0.3788872042569,-0.132267065595,-0.097387771518,-0.135717621708,-0.40158544533235,-0.160452617511,-0.29119642754,-0.2711998990285,-0.18264949496,-0.2853995173497,-0.5661887184885,-0.462783950695,-0.05446218709,-0.3793245930265,-0.3842428973945,-0.3458346569095,-0.253643761398,-0.15110243408,-0.1043145566105,-0.0566516908575,-0.144074066209,-0.110255918069,-0.2541196903315,-0.424924929266,-0.12767435676,-0.102551058235,-0.17072167727,-0.39502738422,-0.113582395281,-0.401037429805,-0.0938490374185,0.16459262477,0.1761760814185,0.115408529328,0.243765005915,0.1651638859975,0.0285276754639,0.120109268415,0.118957203428,0.210056093921,-0.236318245633,-0.21309765192525,-0.270682116693,-0.030835560381,0.019739217855,0.393212733675,0.1549100768705,0.598620992055,-0.9187836131685,0.39580738981915,-0.0315154754645,0.270401574141,-0.20212724084,0.314359947835,-0.339671673442,-0.03278210478,0.2753663824365,0.39547444668105,0.270371128095,-0.1591979163814,0.61073227491,-0.1147832344,-0.0211404541455,0.1149164591955,-0.4581293121745,-0.0591920639705,-0.591600312681
"7",-0.506436471584,-0.59783185004395,-0.7783660451715,-0.85798783014,-0.95169954024,-0.777980035916,-0.558151426494,-0.006530524333,-0.097944648187,0.024957047855,-0.110040836899,-0.206090089605,-0.1647873603,0.01007832412425,-0.159942252744,-0.209389510125,-0.1215849019115,-0.228139232785,-0.115288956876,-0.256788501787,-0.287622920002,-0.0084626771965,-0.11051384755,-0.1959027445125,-0.299501539737,0.0289650998785,-0.051642665966,-0.24372131373875,-0.044639702932,-0.1279863608155,-0.00216796627915,-0.3112408898855,-0.2049471818175,0.0164802345965,0.0792686242185,0.022697957652,-0.2301974488095,-0.0089880046085,-0.1039697972255,-0.12537433967,-0.041499922655,-0.1551863195345,-0.417294830395,-0.2699165428645,0.1103895323475,-0.243748858921,-0.2623310334295,-0.18842371783,-0.1073116036295,-0.02709765998,0.08076586358,0.041070926785,0.02682236215,0.061708863146,-0.101905058614,-0.2506364918515,0.012781595773,0.063067220135,0.009975636571,-0.21530604332,0.079905883555,-0.239487837163,0.038061607993,0.294538434863,0.3328613425905,0.256732810546,0.378978566259,0.357467055745,0.173208834853,0.27092454815,0.2944325784005,0.3521327353086,-0.07379230121205,-0.05762642564,-0.149337335837,0.183905317075,0.23129093204,0.493264094061,0.3861722442675,0.6069925316195,-0.776305865539,0.597679980495,0.2492508379761,0.5482670898499,-0.2287491297838,0.363512098705,-0.157148642832,0.112570015181,0.20520299392,0.3415323745945,0.38963185212,0.0764348281635,0.815828943944,0.086531364803,0.1590458121395,0.17272855281235,-0.4441390245035,0.0274806113593,-0.3286661450715
"8",-0.707290706535,-0.725227873833,-1.032523022993,-1.129840233823,-1.184162595479,-1.003373495866,-0.7400515353675,-0.173631697791,-0.246954253099,-0.175550831298,-0.3090327800855,-0.416296548694,-0.351348458929,-0.1346170881155,-0.353876041897,-0.372327742881,-0.32719795935,-0.40441973625,-0.2555845190336,-0.43981321257,-0.4584216214385,-0.194437087849,-0.2696995072328,-0.406643041935,-0.483224931987,-0.16675276664,-0.2213230048595,-0.443515338677,-0.20004240149,-0.3040521097915,-0.2082445239843,-0.506006123026,-0.403798945355,-0.1442001436885,-0.1036519613735,-0.15763520765,-0.4467204455635,-0.191810283948,-0.31907157223,-0.277382240467,-0.24414763431,-0.341369970913,-0.5661081343,-0.464949491645,-0.0823953383815,-0.4339870017375,-0.4299450137905,-0.38678757386325,-0.3394881032205,-0.21290879726,-0.1121956546481,-0.09227207930575,-0.1611032352775,-0.14554820931,-0.2807187547585,-0.476484259595,-0.14630080365,-0.13263372719,-0.19639950028,-0.4155067487155,-0.106685366329,-0.4244151822105,-0.1431808464946,0.1194860319435,0.11324700196,0.0853464368875,0.19868228252,0.1390488114005,-0.01334208410075,0.0957642972485,0.098077712825,0.124536237131,-0.286903183519,-0.229788017448,-0.314180680583,-0.013424479897,-0.081346974611,0.0507147381581,0.116794864706,0.1996839601015,-0.79193972992,0.2952983633755,0.08568289733315,0.12461338532,-0.460725742632,0.09792715710953,-0.301588437803,-0.1230407459426,-0.312581038481,-0.0525944726815,0.15119882118855,-0.0974155968325,0.537420402435,-0.05181133698435,-0.053653974595,-0.0739219426585,-0.550046900039,-0.1611391426175,-0.4679952129805
"9",-0.869022801182,-0.822328209524,-1.20866988271,-1.34289825513,-1.3852719278905,-1.137055382378,-0.878427236661,-0.3120866986185,-0.3935108953225,-0.34868606823505,-0.444986058602,-0.556211739445,-0.536461091954,-0.291302357184,-0.475760780705,-0.5473965504415,-0.46309837336,-0.590579917115,-0.4357127109635,-0.56698928295,-0.6062962624515,-0.33955565179,-0.4288608639505,-0.524614631425,-0.609924015742,-0.320526724505,-0.3464199895265,-0.590310345771,-0.3151961301145,-0.4549814628999,-0.3722201911725,-0.62936578642,-0.554860045342,-0.3394332147345,-0.26993045913,-0.32204134273,-0.59850683836,-0.359627769789,-0.5030896733645,-0.400231679045,-0.379357936948,-0.48958012395685,-0.7216370768525,-0.5936466770947,-0.244040047504,-0.6047582289665,-0.5903637195955,-0.5053812973045,-0.476634299978,-0.35547709825925,-0.2733619841515,-0.232917946629,-0.282578277079,-0.2787363515275,-0.443344437815,-0.6542868337845,-0.2892609247331,-0.2938193459155,-0.31347882288225,-0.554406590808,-0.23497445524355,-0.56499572993,-0.30673624263,-0.033786630184,-0.0263539030555,-0.073893672479,0.035777607452,-0.0069230884145,-0.167637812781,-0.05006020909,-0.05988322121,0.00190911368215,-0.4269095225965,-0.3816946231062,-0.472520095878,-0.178981669495,-0.471463540264,-0.448835207271605,-0.173461503635,-0.090270935313,-0.753783098877,-0.065435995619,-0.1161737331905,-0.479045371806,-0.645152889315,-0.170124021681,-0.406097458354,-0.2970987273035,-0.751460466945,-0.3651606831375,-0.1373624737337,-0.2775281248615,0.2697660772795,-0.207039901729,-0.2322310727045,-0.227298085495,-0.532294639253,-0.3042821712455,-0.584659341354
"10",-0.7937708428175,-0.642998223832,-1.055557896092,-1.34115357655,-1.33716229071,-1.085932192982,-0.79028957694,-0.24631902567,-0.33033804593,-0.29911652873,-0.373204616678,-0.506190940075,-0.47844515082,-0.2316401806475,-0.406254675008,-0.467192531035,-0.3765108248555,-0.4990351978205,-0.378290130625,-0.5389821767225,-0.493513293194,-0.28129840152,-0.341693434775,-0.484817344466,-0.5483463300347,-0.2289746888145,-0.319190186028,-0.512340851475995,-0.28280388592,-0.4160750897545,-0.336757527811,-0.56716019029,-0.490906282366,-0.246275354216,-0.205387493385,-0.22888531081,-0.538511928278,-0.288188933832,-0.389318729455,-0.336605336122,-0.308619445661,-0.4140418559,-0.655432043575,-0.521196009937,-0.182427132925,-0.515218230262,-0.50388448208,-0.4580704504533,-0.3842958799285,-0.2690862155155,-0.199419407787,-0.165514877689,-0.1971860780675,-0.20069706167145,-0.371689269338,-0.55479215355,-0.212746015785,-0.221754814445,-0.234445582105,-0.500813643127,-0.1884030542915,-0.47470215462,-0.249585207825,0.0613014983,0.03712643459,-0.0211879391755,0.075278257084,0.070973913911,-0.071824983926,0.051182528085,-0.00392673503,0.1110777724775,-0.3745402678805,-0.28348806698,-0.381050525252,-0.0894553653295,-0.545173751443,-0.592705090225,-0.24686728032,-0.130984507359,-0.5958332829945,-0.19188752743925,-0.119491743334,-0.6364623742075,-0.52128951954,-0.1925929327275,-0.3091565761005,-0.27492144134385,-0.7916193338503,-0.408228983748,-0.147665821795,-0.246094859231,0.1363132855935,-0.1717001488218,-0.24032265514085,-0.1602484903985,-0.331561558273,-0.26810366529,-0.4767875369115
"11",-0.7564508704685,-0.61996426427,-0.868619302325,-1.35909165102,-1.4876545723015,-1.164684074555,-0.747257317337,-0.258643477125,-0.378083784075,-0.3366944036131,-0.43759576006,-0.5446975079835,-0.5487610249385,-0.29014206016445,-0.4579149271475,-0.52225391025765,-0.4339871360272,-0.54965081068955,-0.45760209136,-0.58789443239,-0.5724335629907,-0.385718000732,-0.390637251925,-0.565702772344,-0.590158017562,-0.324452303882,-0.3513959424475,-0.58279185032,-0.334609062036,-0.4602384089985,-0.4018252492455,-0.5901223263235,-0.5377528806445,-0.30469457444,-0.271378536224,-0.259280563276,-0.58320098919,-0.3026224766305,-0.423863270622,-0.41812826076,-0.378926209012,-0.43177240514,-0.717295693875,-0.5995945940565,-0.2289859197445,-0.5775537891715,-0.550090614316,-0.4986940240695,-0.41184663693,-0.327408239932,-0.238983617276,-0.208700084112,-0.2866656325695,-0.228493100664,-0.426367144181,-0.5994424977105,-0.255836989275,-0.2560904865425,-0.31316066645,-0.556878150226465,-0.2288741667165,-0.562212594722,-0.2792560427335,0.033843871395,-0.01265998312,-0.0586199663415,0.0529264832175,0.047794768065,-0.1220594796175,-0.00870176689,-0.002304301782,0.0188415420675,-0.407366928269,-0.33901594319265,-0.466688338164,-0.1379119315885,-0.620444635215,-0.6714449309195,-0.382917526335,-0.257935309884,-0.644568406145,-0.4115155455835,-0.2845722307375,-0.74880897841025,-0.530423776313,-0.3285991543945,-0.414701858133,-0.3880346505505,-0.7579170955835,-0.45981162347,-0.2469726647705,-0.3627655475555,-0.2109431523535,-0.2809078756705,-0.35888350263325,-0.1721717737605,-0.301883514409,-0.279408751104,-0.4898997589145
"12",-0.5616549211277,-0.52541845234755,-0.5162787765895,-1.171112467745,-1.49834851961,-1.180047489515,-0.6811522235015,-0.267844438528,-0.389368409925,-0.3304157752,-0.426006048904,-0.5433523402185,-0.5275726986595,-0.285183562844,-0.467166261015,-0.512450313433,-0.40956752260121,-0.5254769689325,-0.43898422133,-0.5594938813935,-0.558175648225,-0.355940006251,-0.3842062672465,-0.510196416726,-0.5509665195615,-0.3252725012015,-0.33425426434715,-0.5356695789425,-0.3249210742655,-0.47427327716,-0.354556827354,-0.586836869115,-0.5147627620665,-0.241617215624,-0.1921663923885,-0.255388386681,-0.54450302629655,-0.3020471690175,-0.4050618868995,-0.388534887318,-0.335960940711,-0.4205425812065,-0.71020767707,-0.540190748141,-0.2025100726915,-0.5263378632305,-0.5104597289225,-0.4594096287405,-0.3349802578092,-0.296088517624,-0.2477497395865,-0.183693320967,-0.274194847272,-0.207860982173,-0.397291627671,-0.55556053094475,-0.22619197644945,-0.254635277204,-0.2855041001355,-0.523267399736,-0.214823587368,-0.493321540222,-0.26024878299675,0.0675150473735,0.057145588434,-0.040365980745,0.12121116439405,0.1145262114947,-0.08994488051,0.00130029374315,0.0264482526845,0.1030476141195,-0.3430028189295,-0.35941408111,-0.462266419387,-0.104788750651,-0.55589607524675,-0.590962347431,-0.446061465435,-0.3019295805035,-0.67622201208,-0.4359408198245,-0.387829027085,-0.675285171486,-0.5402470154767,-0.383249356705,-0.491380314139,-0.442790712292,-0.6355900653535,-0.442173410607,-0.285658797075,-0.412592020657,-0.351116978217,-0.328090478915,-0.370287273588,-0.1266303179005,-0.2357851849165,-0.207247903405,-0.456338759451505
"13",-0.273729834114,-0.581906520249,-0.2481731035853,-0.957172875122,-1.444319488795,-1.255352727385,-0.57727206732,-0.2211150468105,-0.3606952351875,-0.3096000888862,-0.4046650424528,-0.479258338805,-0.4613356043375,-0.23579134035645,-0.42412343004,-0.49702946128,-0.3953229356247,-0.5154024882095,-0.422319867208,-0.544948154757,-0.553497473596,-0.30335497173,-0.3541035982805,-0.47503060432,-0.524311713164,-0.27884273315695,-0.2754576460815,-0.544011272749,-0.289866021947,-0.4569090589245,-0.345268727869705,-0.571330207993,-0.4661783463495,-0.2036002436065,-0.158478731294,-0.17776754047,-0.47158638403,-0.234083099812,-0.3563599703655,-0.3390900374172,-0.2337982144125,-0.3730531083585,-0.66658369817,-0.48820781804785,-0.08975823765,-0.49082670277,-0.49999250129485,-0.432744880005,-0.3107422367515,-0.24249591058,-0.16814321532709,-0.1477188192611,-0.203799419851,-0.13431401121745,-0.32594278064265,-0.481817457887,-0.1601389480555,-0.1446655462615,-0.20235564704,-0.43637327368,-0.14796855441,-0.461022306185,-0.1601864814935,0.111602633021,0.09904852468,0.027984927857,0.170819428581,0.1712170087155,-0.0329619681645,0.035752503258,0.0720319453425,0.129103837187,-0.283127067539,-0.274009449294,-0.35389972214625,-0.02539220470635,-0.482309687975,-0.496463727897,-0.429827160195,-0.313033150242,-0.6443496831,-0.4235134515965,-0.433613769591,-0.569891064003,-0.5237554474925,-0.404017706415,-0.4734065626565,-0.4621569894925,-0.50330636716,-0.45673506939,-0.317634062505,-0.443767980764,-0.394075658762,-0.3208589195965,-0.409907092322,-0.0648463797465,-0.1266897325435,-0.150234358487,-0.358493959025
"14",-0.156687414823,-0.7873590824,-0.2419843093335,-0.897615198605,-1.511855606917,-1.318184024995,-0.6179105220347,-0.379594963251,-0.4619639822155,-0.4397952745405,-0.527822891968,-0.615665923038,-0.5739944040065,-0.394243784196,-0.5403660656565,-0.6100639355535,-0.552745420435,-0.632397426315,-0.5545468935525,-0.646599659123,-0.68486085870305,-0.443054891114,-0.40851031778235,-0.608834618062,-0.6886785077535,-0.4073334459165,-0.40605255651,-0.634219077104,-0.411001279899,-0.5656505529015,-0.47003467662,-0.712924690995,-0.49650992763,-0.218359206539,-0.257165793505,-0.30147654146,-0.5462103864085,-0.3333197508215,-0.4448895889665,-0.413968201846,-0.3346340314235,-0.4225886235365,-0.800202662483,-0.5752309620455,-0.1932332383,-0.6435410743075,-0.6349919598165,-0.5532659906705,-0.3536616602535,-0.3048894191555,-0.247206570773,-0.1660224197675,-0.277439647646,-0.2145430232945,-0.415249060322,-0.5922525683015,-0.25852912689,-0.2585180714885,-0.299385514317,-0.5204133917815,-0.2191316605005,-0.5247685833655,-0.222215806277,0.0278032491798,-0.0055896305955,-0.0401259620275,0.0821805807865,0.045298693725,-0.124223742244,-0.013724191035,-0.0380293742125,0.03957295313,-0.3711123144005,-0.3624903901675,-0.46401437547,-0.0899050871485,-0.5860313619745,-0.5940796300695,-0.641632140979,-0.49384848894359,-0.8105087589465,-0.546342527399833,-0.649661007782,-0.64352643543,-0.66533573195,-0.54111119312295,-0.606367463374,-0.6022972734275,-0.5824214945285,-0.605308844646,-0.49296636791,-0.598186211753,-0.4764539475969,-0.47181567818,-0.545805318642,-0.1368197642,-0.209161458065,-0.23716628325005,-0.4681560576535
"15",0.00135141348,-0.706223918045,-0.1575978056175,-0.709685796145,-1.3923177257305,-1.15232405833,-0.4918658742,-0.3550550899945,-0.34655119070105,-0.41210873774,-0.526098316549,-0.616368712916,-0.58746479333235,-0.39031546497,-0.510591898092,-0.649207876082,-0.555773588276,-0.63086233522765,-0.542093525915,-0.67784697328775,-0.6986325243755,-0.427714809632,-0.3280272923025,-0.6258371413035,-0.698480172215,-0.419765579945,-0.4244165277725,-0.631395067202,-0.4418609274035,-0.5553021694855,-0.432478317378,-0.7513244263945,-0.394181216585,-0.2083691856345,-0.186561379919,-0.2027877289205,-0.513770950925,-0.296948889912,-0.464272286275,-0.397190795995,-0.306634709465,-0.377710848192,-0.8143733421255,-0.526198165248,-0.131189882397,-0.7565202650745,-0.651786910621,-0.5724452531465,-0.2717713501885,-0.252791087595,-0.2101227595245,-0.075414539247,-0.181152271287,-0.1220878250165,-0.35582274669,-0.543992986911,-0.182430204014,-0.192052170541,-0.2304948398675,-0.455279199189,-0.187169967404,-0.476535235964,-0.170387044892,0.079245170321,0.0590176847505,0.01965834181975,0.1428890552325,0.1095847242035,-0.094457538842,0.075965059192,0.036666316019,0.116241528298,-0.3133899516775,-0.29796241617415,-0.394495110375,-0.029294232089,-0.533966883359,-0.600713937642,-0.653183844946,-0.4996183178137,-0.802203568887775,-0.5273028435375,-0.67783631163,-0.6367445475935,-0.697495502548,-0.5210031940655,-0.6288766486055,-0.6049649471431,-0.5654949020835,-0.60848247736,-0.50190966114,-0.568604199605,-0.501878167258,-0.475459052697,-0.530894420427,-0.1063933049,-0.19992131435,-0.17490774198,-0.40493779657
"16",0.106128296671,-0.431833247585,-0.1052104595785,-0.587543609585,-1.1549433152905,-0.9109488137965,-0.4166471503485,-0.43698723961,-0.2396777170265,-0.4214314740925,-0.55206703908,-0.637662800855,-0.577046112944,-0.38499733096645,-0.5504764360865,-0.6392467760285,-0.6070219621205,-0.675125409278,-0.6440100578725,-0.7767853019625,-0.73806238551,-0.4255028838505,-0.2244840078385,-0.615851596101,-0.6807367431725,-0.4024983876925,-0.425626022575,-0.62601015863505,-0.4187143780385,-0.54195069267,-0.43733591376608,-0.804220441774,-0.361793157437,-0.14042203228,-0.1351794453257,-0.19701137732,-0.4221008659755,-0.246168677336,-0.493489117095,-0.467289589272,-0.2669864987305,-0.3230741408335,-0.930419500144,-0.4760260882135,-0.01704440892215,-0.8932249098825,-0.694412256105,-0.634969543275,-0.1604853184465,-0.16091089254,-0.2423886729835,0.043440510994,-0.07933989581045,-0.066966269555,-0.3031305367087,-0.597359718655,-0.168224296505,-0.158324608412,-0.1769471922335,-0.44165533703235,-0.124470207975,-0.4353211988145,-0.120204306933,0.0951727385405,0.10782397869,0.08321529154465,0.1909924153005,0.12852332226,-0.05940105698395,0.0934927054775,0.054436032114,0.127467029897,-0.289742373181,-0.262273962004,-0.340650701535,-0.04363210606165,-0.51565758738,-0.58922759817,-0.6809574097465,-0.50645664412,-0.799773770175,-0.5169432605,-0.68767874731,-0.5973724712815,-0.7349201501452,-0.5380976964001,-0.619213285344,-0.62429685424,-0.5479670445875,-0.626168116845,-0.517682087561,-0.603444614919,-0.456203954092,-0.472929924777,-0.55473929298,-0.08488780904,-0.1886642707505,-0.1312118018255,-0.3963218410865
"17",0.17998374142195,-0.046456028985,0.019203743079,-0.4889858564855,-0.914841141231,-0.7049921807,-0.282402379748,-0.5008147413305,-0.0707723569685,-0.426801941679615,-0.5513941376908,-0.6905569427885,-0.5710878337205,-0.3647073210355,-0.5573549439405,-0.647285532489,-0.6829839428775,-0.773776750434,-0.835171481305,-0.9317074471045,-0.79024240216,-0.4009533313375,-0.20532074917495,-0.6650965083315,-0.7236027626048,-0.400881032458,-0.40901309481705,-0.5803991832175,-0.4130332554725,-0.517866006245,-0.411442826636,-0.97506953113,-0.4062856719885,-0.135847839064,-0.145058257443,-0.1732437646945,-0.4314455954216,-0.197506802187,-0.6335131228465,-0.60547702905245,-0.3358262866085,-0.28114079793775,-0.9069332158225,-0.360360123868,0.083912560465,-0.9142667408595,-0.662115294994,-0.605384840155335,-0.03202337434,-0.1135108904325,-0.1398677525565,0.0988281457925,0.07774944663,-0.0041176210712,-0.25428182607875,-0.7233414599485,-0.148315554801425,-0.106766413741,-0.138756535765,-0.3902929306,-0.0955927241815,-0.3804298262097,-0.0238556601725,0.1456675601945,0.128242331662,0.1078227537631,0.22795579830405,0.1729045515655,-0.0140707091265,0.139179781744385,0.099967006835,0.14350549536435,-0.2627651848075,-0.2073129272095,-0.282593909216,0.009772611430025,-0.540167237615,-0.596552904876,-0.667145749224,-0.54595634143432,-0.804954579434,-0.5278986714704,-0.7210266668715,-0.6351879456085,-0.727317726675,-0.540950696326,-0.6089229423138,-0.602267620996,-0.5646096296778,-0.64665154093,-0.52456654975,-0.59233610271,-0.511225472455,-0.5086333549255,-0.5295664892055,-0.0684261663305,-0.149474114594,-0.1583120201185,-0.34924872632975
"18",0.18952455505615,0.2499306977155,-0.035080434394,-0.43872892926,-0.723648806025,-0.562514327365,-0.270852806229,-0.612032762234,-0.0337983573435,-0.441221183445,-0.5969418369275,-0.6796286629031,-0.581746588895245,-0.446910885434,-0.625308815709,-0.722346598603,-0.87297646122,-0.87411630091215,-1.067333362204,-1.1941401804455,-0.958252904149,-0.3770708232005,-0.295392492542,-0.6665858367479,-0.8400268246615,-0.42437938530635,-0.4078028443615,-0.520780353191,-0.387797718,-0.4586624085932,-0.42325114460085,-1.264140380035,-0.519850478485,-0.1447010414074,-0.1382474666065,-0.14950762449,-0.41376852189,-0.274145137155,-0.821494983721,-0.844214048371,-0.451676858612,-0.1783212912655,-0.829425619271,-0.2460391614465,0.1613065589535,-0.693436784164,-0.4433342999145,-0.430012851769,0.0736178480071,-0.0497490758035,-0.0553718339245,0.184302538345,0.302190751294,0.0257472015485,-0.2481092112785,-1.0137915896995,-0.14687336093,-0.1089482132474,-0.16201244586,-0.403665036785,-0.1015174516215,-0.392747726956,0.052464113139,0.139534963915,0.142483800202,0.096930132295,0.2079245868085,0.1747096099495,-0.000412676214999999,0.13551438693905,0.0541604642175,0.1623425171605,-0.26314567854,-0.15939883633,-0.2867004818365,0.011505297601,-0.59802692093,-0.648942925568,-0.723989694708,-0.561283559137,-0.837881124915,-0.5683889431695,-0.7323292387625,-0.6300517341365,-0.7316604165025,-0.5616102166665,-0.662114218995,-0.6369826303732,-0.631756432782,-0.652036696264,-0.543684189575,-0.64833142969405,-0.51385502627685,-0.538605385035,-0.58486506883,-0.11673997537,-0.157968198042,-0.202198636922,-0.365475140553
"19",0.36699285146,0.287501428355,-0.1350634332335,-0.371641582685,-0.5263482736935,-0.41782377164,-0.15854871836,-0.6343201866,-0.1665727364385,-0.39765633630845,-0.5024968609185,-0.642897892665,-0.5425218554535,-0.3944529508542,-0.5708356707471,-0.709292150442,-1.0365862590243,-0.93393467537835,-1.1693006055055,-1.430642527465,-1.1533148467665,-0.1877808549975,-0.324029271142,-0.6636396496916,-0.830705476464,-0.351755099895,-0.2813002448985,-0.3091343857265,-0.17768869167,-0.2811727011325,-0.30492072725,-1.46512964673,-0.456686113529,-0.062509096635,-0.090955168485,-0.0768597584735,-0.3520423593645,-0.2854741895905,-0.905241566655,-0.951375715396,-0.445039349775,-0.024470615696,-0.6986038459605,0.0113448388235,0.36303806072095,-0.1737136808475,0.035188223449,-0.0447810255485,0.226975564107,0.1499008174265,0.165905693556,0.3641829384585,0.53487058068,0.1362430693345,-0.21679750855195,-1.263401112535,-0.1190306244625,-0.038544975552,-0.14421115194,-0.2956324585335,-0.0549550068705,-0.3361085124035,0.349844988194,0.238095951704,0.216795557657,0.1910598350875,0.2815265393074,0.2636024424025,0.0943147565137,0.2202977512355,0.152371858497,0.2335059996375,-0.1776423347685,-0.121016360984,-0.258114820183,0.0915616277815,-0.501786843528,-0.59349174031,-0.6474364536795,-0.506480252325,-0.77177286739,-0.4909077640175,-0.655385455815,-0.578811542575,-0.642605787385,-0.522054141954,-0.592811639365,-0.5475702769525,-0.55629761132035,-0.557568973925,-0.4902512610529,-0.588849955915,-0.44195816724,-0.462496804145,-0.521397752727,-0.0533980493635,-0.097057567555,-0.130233261007,-0.303530453385
"20",0.4035241417528,0.0607736740035,-0.4241218209845,-0.340072185035,-0.478952896745,-0.370701989515,-0.117971813806,-0.702700477675,-0.421070007559,-0.401839027103,-0.5264068920545,-0.632992065135,-0.585015343301,-0.41935125091855,-0.603347914275,-0.835139239525,-1.2836975499685,-1.011922896039,-1.04899435973,-1.682419362805,-1.39696115598,-0.092682470827,-0.376658857425,-0.700842497625,-0.833236364365,-0.2632662915285,-0.1895110170545,-0.148606795493,-0.06494027492,-0.0878874241522,-0.2485017618735,-1.60892153639,-0.45125380447875,-0.0625528824585,-0.0966433956815,-0.0817846803955,-0.30201373062,-0.3913299505295,-0.750446501589,-0.83627496737,-0.3467534926445,-0.019715786564,-0.873339697665,0.0993360691775,0.5077065768875,0.228168431355,0.2619854293878,0.19234448282,0.26552342327545,0.22558748030855,0.3567873063621,0.423602537512125,0.518146779406,0.22622620670219,-0.25635745168,-1.56267343845,-0.18129665971,-0.07966699737,-0.2126620812285,-0.3295672846705,-0.09206493299805,-0.36084955887,0.48818980455,0.2452831300905,0.19717847183695,0.1724436093045,0.2950397402295,0.221524334379,0.08422324110225,0.178623556319,0.160929830384,0.2127009983105,-0.179343398695,-0.158172711226,-0.25234245538,0.07959703646,-0.5235465680075,-0.5846075995718,-0.6239752672905,-0.48474710857665,-0.81719143083,-0.5107332131613,-0.633726960954,-0.6541832739475,-0.66473837952595,-0.51781617091,-0.5994362774975,-0.593365911435,-0.5644830764,-0.5566662181935,-0.500348249208,-0.5887189497905,-0.4669411161245,-0.48151737957,-0.546183888891,-0.059423678532,-0.1141967430605,-0.1335642363125,-0.31594216401545
"21",0.3664282481125,-0.09501872175,-0.605901032481,-0.252077064925,-0.37257957562,-0.257988418551,-0.0281050093126,-0.53361462435,-0.49265184291,-0.361178955486,-0.464916529745,-0.6112809873735,-0.554722634741655,-0.3410409233715,-0.5337842452115,-0.8964301932989,-1.1488182780275,-0.764706204765,-0.5915839050735,-1.59507307115,-1.438981322215,0.0295412664033,-0.2776460897305,-0.571897461668,-0.610347703629,-0.071115865897,-0.0237326004955,-0.0228190534755,0.1658787502585,0.169907829337,-0.052024988676,-1.4373537311455,-0.421902631801,0.033864439382,-0.0081358444251,-0.006327245589,-0.128376731557,-0.430652284183,-0.305770797515,-0.3274287315404,-0.017738357097,-0.08782981014445,-1.159631746915,0.109098390578,0.612739536165,0.3882988317795,0.251678804018,0.2991013537075,0.2342428385645,0.185140790085,0.4665377357131,0.407124127165,0.208529855585,0.3161234604465,-0.246090253020575,-1.436721434795,-0.1786905339,-0.029941722582,-0.258345096416,-0.227576542748,-0.04309202567935,-0.358971584216,0.63618576706,0.3631856564875,0.2599596054215,0.245690587221903,0.372981883995,0.31365514549,0.1648722835675,0.29207227611495,0.207374569628,0.313864200109,-0.1192608934205,-0.08385976488,-0.168497457325,0.12230911196,-0.449178037651,-0.52983214009,-0.52651596504,-0.4009691596135,-0.7264409120045,-0.4478097094515,-0.5753400312015,-0.5696530234,-0.58610170782,-0.458972542755,-0.5103299272125,-0.538538675506,-0.496588195122,-0.4692486734475,-0.41441533986,-0.499981966233,-0.42474743628,-0.3716608634581,-0.465289452138,-0.003415874381,-0.07516121018,-0.098038119742,-0.2535435464474
"22",0.2412791114395,-0.143960045505,-0.59144091649,-0.2337077546245,-0.3271681999911,-0.2181487916086,0.010096216867,-0.2095281591045,-0.5289641486285,-0.3094452952685,-0.4241099642625,-0.62390007615,-0.514885328644,-0.3162605245675,-0.430580783181,-0.922143005844,-0.80983971831305,-0.423830303285,-0.2018413716245,-1.262126515943,-1.244966291565,0.035001387315,-0.2874575934245,-0.36924467198,-0.304857251505,0.107170249056,0.047724560351,-0.0514490128048,0.262645220609,0.176633329473,0.073230787262,-1.1150076630285,-0.56081075011,0.052628988417,-0.03570650844,0.0340297742475,0.105941387907,-0.299239276243,0.086279992734,0.237592129252,0.27321746741555,-0.32892339958785,-1.2528069252205,-0.108502839067,0.494548597591,0.1059677618945,0.0071219437445,0.07810375598585,0.1291394098075,-0.0759302868309,0.3649986579425,0.2278726496645,-0.264685653071,0.2353424897252,-0.296541474979,-1.09089044356,-0.2415864207315,0.077678395395,-0.39328804846965,-0.221254152617,-0.001765898621,-0.4358486819545,0.644567628718,0.390290897905,0.2832036534085,0.24272939728,0.45537157693,0.3397766655275,0.2008378580487,0.340434643368,0.2672276179165,0.314953771238,-0.078720507531,-0.0575260503485,-0.166460584015,0.169070406205,-0.389616091568,-0.480867455438,-0.515872803541,-0.3669496705272,-0.66032175061,-0.4175107243105,-0.498377866238,-0.507477021172,-0.5448372788552,-0.42807520358,-0.50502218269,-0.5098602838155,-0.427655996365,-0.4303952922255,-0.3305412134375,-0.49563859063,-0.353237143003,-0.35937677529,-0.420419447437,0.0039850900205,-0.067631807647,-0.081950334191,-0.236423931185
"23",0.150197914602,-0.0986764303585,-0.402803725986,-0.1898288214972,-0.2806865931675,-0.17296412937,0.061113759109,0.0768979117275,-0.3874742020705,-0.2803745761191,-0.346043401317,-0.70759668457475,-0.4872212351285,-0.245456664635,-0.26674604881265,-0.82632230043,-0.4253275646185,-0.2238752651735,-0.05111344158,-0.8515729669515,-0.740749183326,-0.018575505216,-0.34591414835995,-0.13919011912,-0.145045241665,0.19269609635,0.0842674131759,-0.222647591572195,0.2059172253685,-0.198834310985,0.124220433038,-0.749591929465,-0.7266233837995,0.105930209785,-0.05518107637779,0.107339575342,0.472785554891,0.086139125339,0.246770502939,0.504715307909,0.3577275464265,-0.581903822112,-1.1599311887,-0.397506859029,0.3263407491465,-0.380560834524,-0.2337431123635,-0.364052377835,0.014128958258,-0.169232365863,0.26101662150651,0.0577007793415,-0.50863354064405,0.1835164036128,-0.240568624674,-0.5594404960085,-0.1548485729325,0.27185222647945,-0.4361342619135,-0.151928139154725,0.1750030372615,-0.641854754425,0.5348525279143,0.5069821404625,0.393346797865,0.286010416729,0.583706763017,0.435328669948,0.273917596761,0.390490978313,0.356785768295,0.466318882055,-0.0555016903815,-0.020392019805,-0.12188827980905,0.2199654588465,-0.371497464669,-0.43587449462735,-0.4470258713175,-0.3189653252685,-0.57527688799,-0.331212115753,-0.455246436472,-0.4467267398265,-0.499501338395,-0.3364804179595,-0.3979318849455,-0.406355223175,-0.3681339914035,-0.357185145869,-0.297978426587945,-0.429576918188205,-0.292460229683,-0.2680102384985,-0.3726944294845,0.03722266352,-0.010747834295,-0.046835369484,-0.2327177677515
"24",0.01605004600232,-0.0933771937475,-0.2943637978405,-0.209291215681,-0.3117900082625,-0.2185639957515,-0.002793182749,0.056488042755,-0.3613140399435,-0.3468857338775,-0.3849592352525,-0.86680129431,-0.5853695936075,-0.319115272045,-0.1688911350269,-0.783052810145,-0.336371395137,-0.4239726324,-0.287369798575,-0.540507597225,-0.29942186119,-0.1274397377615,-0.4334124568745,-0.11886923854845,-0.435482708185,0.069534809169,-0.106403269035,-0.37504047793,-0.02397951994665,-0.80744334092,-0.0746702210905,-0.5748708149355,-1.0375301169465,0.02428477871935,-0.205695142131,0.132837987182,0.517346394091,0.368903751035,0.014028999667,0.278494939301,0.1663667058625,-0.758838119285,-1.092551951665,-0.664421182009,0.076169149447,-0.90756903127,-0.44998025454255,-0.837337478965,-0.2159971269825,-0.219387777834,0.105166071961,-0.04973759920795,-0.5130314709126,0.0597281800065,-0.2453088675075,-0.354593298435,0.0971193907805,0.421846466697,-0.3265337583455,-0.1844869375005,0.354816999068,-0.98253129559,0.336771837937,0.584214775509,0.38697223323725,0.294439982715,0.707093413683,0.5154073386,0.27896831819,0.40215725292,0.441291709355,0.63651267699655,-0.1252480046675,-0.1130001241105,-0.181981865113,0.17350113085,-0.378597575746,-0.453981407715,-0.4807996186635,-0.3654013727395,-0.640641017265,-0.390281624919,-0.486529004142,-0.473786125511,-0.536647675081,-0.419114257355,-0.43785515099,-0.45453942758,-0.3958029517782,-0.420535980512,-0.3500803058455,-0.463951107805,-0.336947373565,-0.2936677394795,-0.4036136593885,-0.0244779716,-0.0963370395821,-0.087813997107,-0.3147805430979
"25",0.04365069624335,-0.0586147237955,-0.19417618439,-0.18995345179685,-0.33379154926,-0.2124661322,-0.000714551107000002,-0.077680740815,-0.275733931391,-0.337585907294,-0.3289975956985,-0.907072503505,-0.698153479092,-0.326438727859,-0.1718514139995,-0.6988710156835,-0.402031298257,-0.69418542408,-0.606542326043,-0.250479961305,-0.10944390270365,-0.149606429421,-0.3929459318555,-0.1816467605445,-0.8829677798575,-0.0455724884235,-0.281678664818,-0.53030362474,-0.243998164109,-1.158613769605,-0.250522994285,-0.43913429462,-1.224323457565,0.0272214148275,-0.24215527624155,0.2716040983635,0.235044806068,0.5193591279105,-0.2885713799225,-0.0789992264005,-0.0627687830855,-0.651728207494,-1.065643676389,-0.888595541485,0.08093539892915,-1.20143786325,-0.4627415492675,-1.051043160673,-0.355129383776,-0.1065844675035,0.10384167727,0.01957189051425,-0.255929272665,0.1156198986266,-0.0776371196435,-0.3015163128305,0.48152115823955,0.60996502678,0.01039846472,-0.192781538636,0.651674845019,-1.186105636825,0.1870587952965,0.7295226819655,0.547896673595,0.469116426229,0.9698374757985,0.710775005453,0.404551741313,0.47419902553115,0.717430216608,0.9096283974255,-0.138089374895,-0.185793980415,-0.23111718693,0.18206407545785,-0.3688680903735,-0.4256879308935,-0.481524325613,-0.33301083119,-0.64186547566,-0.373146163127,-0.499396595381,-0.4456295417,-0.534083487299,-0.3647352825025,-0.44256289011,-0.46440246438345,-0.411102578245,-0.3686690751245,-0.3172333109485,-0.4538614176065,-0.284018271266,-0.327983022864,-0.395606814207,-0.016451374109285,-0.0838374092045,-0.0955769750025,-0.31401884222
"26",0.053670199305,-0.0394630333235,-0.1287083099869,-0.1979547284653,-0.304027584085,-0.24377709441225,0.029721714113,-0.23131705607905,-0.2724942859145,-0.32466044858915,-0.30521842165,-0.7326365577485,-0.80936914266,-0.3219611882264,-0.32484861298725,-0.631367803395,-0.508868229019,-0.867917803554,-0.7187094725925,-0.0964547595435,-0.243085252406,-0.082562799545,-0.368839888135,-0.3006709989,-1.33781219489,-0.12199484324,-0.4038543806455,-0.7424308362527,-0.37613096878775,-1.184177273482,-0.4170386428365,-0.472874267642,-1.2862987574257,0.026628623539,-0.0785670655345,0.43946794064,-0.3054234627185,0.3720768695225,-0.400898441565,-0.279251540289,-0.1380057219975,-0.271993531483,-1.08779915653,-1.094969450895,0.116156255554,-1.2460591169785,-0.51330942880395,-1.0339627898078,-0.591670847207,0.03150706946465,0.128488256195,0.1478159912225,-0.066154472454,0.143103005939,-0.0225845486475,-0.31775581341,0.780487472425,0.7795140347,0.298886916805,-0.2034323175785,0.781378723945,-1.1669805186971,0.028584287826,0.958322852895,0.814125144227,0.7269337049865,1.2535519388445,0.976244798105,0.6770017467,0.6709568312875,1.035045356704,1.290233326365,-0.29111336869,-0.338874182635,-0.367830286997,0.27190559775,-0.3736481187,-0.4340912264745,-0.437476240645,-0.3678707558632,-0.6269072654945,-0.35466696026,-0.464897480535,-0.41031494702,-0.5161688955715,-0.34722452218,-0.4338889168295,-0.450528989855,-0.382711243516,-0.347221495467,-0.32281236543515,-0.459706621095,-0.288849170565,-0.303567107415,-0.3736213552495,-0.007862571363,-0.107677083842,-0.101902491945,-0.33058609924875
"27",0.0631660047555,-0.0781044008205,-0.1381783886635,-0.20865790183,-0.3237101492425,-0.25552183916,0.07579724986,-0.3033772181971,-0.40719531778235,-0.3118231135575,-0.363543809919,-0.4092070438605,-0.94847866059,-0.305202088916,-0.6089470204455,-0.6314946245515,-0.537774022031,-0.9748426635865,-0.652672099495,-0.19926521696,-0.573258239667,-0.0680308469975,-0.52208333983,-0.54920037281,-1.600025624465,-0.2161301878325,-0.4870993565355,-1.144261338285,-0.4067452443255,-1.040945777235,-0.54109082408825,-0.573416379835,-1.174559678485,0.175379050508,0.227668768575,0.5204155505641,-0.9031874263335,0.0932749272025,-0.323973497768,-0.2647725952515,-0.07526279771855,-0.0248750224135,-1.0806738319765,-1.346589111553,0.195491290559,-1.06328168394,-0.7232485511345,-0.8455155337035,-0.8419275277,0.0685245594125,0.1840213887395,0.22129790851,0.10000773505845,0.2021790764235,-0.1094119275308,-0.2724707224333,0.8472142228695,0.7659605947105,0.5182024050285,-0.262198819042,0.6751761273375,-0.88438957604,-0.0861080044785,1.1921896138555,1.102954399765,0.9866037942585,1.46068874832,1.2044627131,0.96309494031,0.9579675679385,1.208759398045,1.581603946,-0.4969719209105,-0.5490361326983,-0.594850707329,0.351794844721,-0.427084345645,-0.4446209971425,-0.470160615835,-0.372921056627,-0.64857172789595,-0.367092600331,-0.5083905941465,-0.44049905045,-0.54982950296,-0.381092596365,-0.490874795916,-0.448804594967,-0.41682150268165,-0.4005997310875,-0.334130871969,-0.4521288793535,-0.3333987807735,-0.326000079299,-0.4249556311075,-0.0427969091231,-0.1836813091465,-0.15410329123,-0.3902734987375
"28",0.12305965566,0.00704490807,-0.0755494304315,-0.130211758793,-0.241837220986,-0.1747359568405,0.207128279963,-0.23131198623255,-0.471476919682,-0.1670410166575,-0.4725245639975,-0.1573734541195,-0.8974190000425,-0.158774869534,-0.6801119988835,-0.5858838671375,-0.3210792990595,-0.856917568874,-0.3650272561735,-0.292036621333,-0.7450464482865,-0.0878914853705,-0.570006030798,-0.753610369525,-1.4792899379155,-0.272637646519,-0.373454461708,-1.4498884841,-0.365407867308,-0.7494221702815,-0.523432231017,-0.647897769928,-0.93504601869,0.463533698095,0.6735766961305,0.5706618211929,-1.21190739441,-0.01579878488,-0.0676404849635,-0.052527446765,0.1086448127155,0.11729751008885,-0.8354020706381,-1.34479646332,0.3544249914915,-0.6733363702785,-0.843714948825,-0.4154872346215,-0.844601931271,0.25512454200025,0.331953742482,0.35586986888,0.269740309774,0.341264614399,-0.1753171483035,-0.07897015460315,0.7769936681255,0.755236390615,0.735613332576,-0.3462657663235,0.5514814354655,-0.30573760939485,-0.089451557827,1.436097394241,1.487623948195,1.3141114061195,1.648849804945,1.5008141226,1.260339295375,1.3674987977765,1.40507870034,1.803746744,-0.509306561257,-0.59366107845,-0.691148915197,0.62095818276,-0.33733038721451,-0.41053133833165,-0.436023361195,-0.3284919098205,-0.593140994455,-0.3307643025695,-0.4658495701445,-0.44764291034465,-0.468186073565,-0.356840278134,-0.420090676148,-0.39197189249,-0.370266055067,-0.40761591560359,-0.29500404156,-0.4387140359635,-0.3104029805785,-0.294769551942,-0.37649841767,-0.023415145785,-0.1210865800064,-0.139484495361,-0.3725761117395
"29",0.1394946053215,0.024710718233,-0.037026429614,-0.121682926506,-0.227883291625,-0.1470819189375,0.340657062295,0.01644289393675,-0.5146110774435,-0.042014558278,-0.528278710964,-0.3238672520656,-0.628506865456,0.09270220289,-0.713500946399,-0.527696763385,-0.06087892530475,-0.755339718205,-0.044100544001,-0.4758767105075,-0.76579514559,-0.308761967431,-0.6009098053895,-0.9887061174715,-1.2202026012045,-0.276015738095,-0.257850213013,-1.60442641185,-0.338116480492,-0.589134200249,-0.46026213652115,-0.666199696362,-0.6931300961525,0.710460451453,0.936633203581,0.5412208240705,-1.238479626056,0.09632347604,0.153395450495,0.188773002644,0.296264677702,0.072883778364,-0.4637321141855,-1.131692501309,0.473149369227,-0.2265846713259,-0.85652594716605,-0.054918004146,-0.5829750209155,0.3833348494096,0.4555369579545,0.502553720665,0.41774022860715,0.4615562732655,-0.16854058365535,0.1105097234953,0.6300527943665,0.573765704157,0.8254536534735,-0.475547381627,0.41093547260555,0.1468927951112,-0.059926696321,1.63031724801,1.7483352528,1.5276984856995,1.784216884515,1.755893665325,1.316174599635,1.686954139926,1.49761787590625,1.82363292355,-0.3025552569836,-0.249059457535,-0.5814615455255,0.9532821575391,-0.3332644189295,-0.375579449381,-0.42224075424,-0.3144860992085,-0.593621687877,-0.3037450848275,-0.450308825464,-0.4228391601675,-0.417045459856,-0.30074756284855,-0.39163527928,-0.38788703911,-0.36577960225,-0.35400220618,-0.281651929725,-0.41125014105,-0.2411117254385,-0.251662149186,-0.3750542645625,0.0180304169605,-0.12514190804188,-0.10155207717675,-0.344819879137
"30",0.2705494050365,0.138159647595,0.08490824729,0.00383728479,-0.1480333239495,-0.0626174949465,0.5395444736705,0.4735142299035,-0.358009326295,0.203104718237,-0.489930131628,-0.5594380718635,-0.316276559285,0.437140635714,-0.631701142156,-0.42356559183495,0.2857244842245,-0.556244215116,0.276348698978,-0.5309079209315,-0.628813864914,-0.4160750375105,-0.47169204041805,-1.1051279844475,-0.8751477671025,-0.07758242675535,-0.0850685154855,-1.532941622985,-0.2158155777595,-0.41173448723,-0.281559225608,-0.530714527601,-0.5039654073205,0.931758105891,1.0853132203455,0.583431270142,-1.00094566144,0.4179899807315,0.4759178414305,0.450463134302,0.56218009019145,0.177198271147,-0.045993781855,-0.6168590498955,0.70219256073525,0.1641570280675,-0.494467161603,0.2766717682195,-0.0667776013555,0.6455566243705,0.68361879988985,0.7246307052375,0.629906930593,0.63504003413,0.05381990302,0.36974804768585,0.50692397734,0.4325271080005,0.8814711350845,-0.41697537918,0.57947230344,0.4835898610495,0.147054319213,1.80189987707,2.03006642275,1.79309870284,1.942172668285,1.9433425034325,1.3958482634405,1.9227281384,1.65392360926,1.79957630551,0.2777138526255,0.526770854431,-0.100898551745,1.35187413053,-0.2190383777246,-0.2508826675471,-0.340073200368,-0.1820799337455,-0.4964634591275,-0.211483625585,-0.3240498292429,-0.32131792188,-0.3413912310175,-0.2358375053755,-0.3023226976325,-0.3189040196615,-0.261081013407,-0.2799020306295,-0.176736686762,-0.311351592355,-0.1469893374025,-0.175034269944251,-0.245920825539,0.06703937500415,-0.042011598496,0.0063705982,-0.2170203505581
"31",0.427427587918,0.321828172193,0.24342006839365,0.1395647540375,0.0179196318595,0.1316234928405,0.723129926777,0.77687708320935,-0.1322566469695,0.3425453724025,-0.320550650675,-0.6196213347135,-0.0300102916365,0.6840708708085,-0.516336378161,-0.2771177773795,0.49928284478095,-0.356355322923,0.4914487912135,-0.4101912319465,-0.41971010135,-0.355234207255,-0.21146391172055,-1.033495665465,-0.51127635615,0.184284674545,0.07403372303,-1.23413882581,-0.0087919380545,-0.1992872255005,-0.051413119865,-0.35273211176,-0.276160192226,1.14373691806,1.177212306595,0.7346068792925,-0.557472018681,0.736723412153,0.716560657945,0.7358979330355,0.8655219214345,0.420388759994,0.3573871549005,0.0196153204259,0.95590291226,0.5684617239195,0.0601682261425,0.612330150265,0.4464483427162,0.88578645575,0.913121852531,0.9997365789745,0.86658098452,0.9069830206785,0.460883170235,0.6084789642375,0.5465373631305,0.40720905655235,0.9394353647575,-0.140246421891,0.8414054241495,0.65180457254,0.5440733851525,1.941233968,2.19180902035,1.9393537738,2.03109929815,2.09888041435,1.4367807535875,2.023204543317,1.746358592955,1.8220995877535,0.8794469976965,1.273633229813,0.4992373276165,1.6758871376,-0.0868840736305,-0.1086806711585,-0.2005250633475,-0.04802130503,-0.3503510595785,-0.03671578572,-0.22768335684315,-0.179667021581,-0.1838143709035,-0.1018410886975,-0.170400873936,-0.158166046984,-0.0755762465975,-0.13873519050285,-0.02979670812,-0.1808680761595,-0.0058882688475,-0.02147134928,-0.117464886427,0.19604233776,0.112869305214,0.1347650504863,-0.085864834872
